Sentence #,Word,Tag,Word_idx,Tag_idx
138,"['tháng_bảy', 'của', 'anh_em', 'và', 'cô_đơn']","['E-thang', 'O', 'O', 'O', 'O']","[585, 466, 764, 93, 220]","[1, 3, 3, 3, 3]"
203,"['học', 'web', 'dùng', 'ngôn_ngữ', 'nào', 'để', 'code']","['O', 'E-ngon_ngu', 'O', 'O', 'O', 'O', 'O']","[82, 752, 413, 651, 104, 744, 153]","[3, 4, 3, 3, 3, 3, 3]"
296,"['bạn', 'học', 'được', 'gì', 'từ', 'những', 'khó_khăn', 'trong', 'công_việc', 'tester']","['O', 'O', 'O', 'O', 'O', 'O', 'O', 'O', 'O', 'E-job']","[601, 82, 351, 749, 602, 244, 616, 700, 433, 27]","[3, 3, 3, 3, 3, 3, 3, 3, 3, 2]"
353,"['chỗ', 'tau', 'làm', 'có', 'con', 'nhỏ', 'làm', 'da', 'xinh', 'dã_man']","['O', 'O', 'O', 'O', 'O', 'O', 'O', 'E-job', 'O', 'O']","[318, 32, 694, 169, 460, 229, 694, 283, 566, 237]","[3, 3, 3, 3, 3, 3, 3, 2, 3, 3]"
350,"['streamer', 'được', 'xem', 'là', 'một', 'nghề', 'hái', 'ra', 'tiền', 'được', 'bạn', 'trẻ', 'khá', 'ưu', 'chuộng']","['E-job', 'O', 'O', 'O', 'O', 'O', 'O', 'O', 'O', 'O', 'O', 'O', 'O', 'O', 'O']","[127, 351, 638, 294, 750, 188, 203, 288, 424, 351, 601, 636, 87, 29, 113]","[2, 3, 3, 3, 3, 3, 3, 3, 3, 3, 3, 3, 3, 3, 3]"
345,"['một', 'trong', 'những', 'kỹ_năng', 'quan_trọng', 'cho', 'fresher', 'trong', 'quá_trình', 'làm_việc', 'chính', 'là', 'kỹ_năng', 'làm_việc', 'theo', 'đội', 'nhóm']","['O', 'O', 'O', 'O', 'O', 'O', 'E-job', 'O', 'O', 'O', 'O', 'O', 'O', 'O', 'O', 'O', 'O']","[750, 700, 244, 300, 430, 95, 298, 700, 766, 344, 415, 294, 300, 344, 704, 265, 110]","[3, 3, 3, 3, 3, 3, 2, 3, 3, 3, 3, 3, 3, 3, 3, 3, 3]"
344,"['là', 'một', 'fresher', 'được', 'học_hỏi', 'và', 'có_thể', 'làm_việc', 'đúng', 'với', 'chuyên_ngành', 'mình', 'theo_đuổi', 'đã', 'là', 'một', 'ưu_điểm', 'lớn']","['O', 'O', 'E-job', 'O', 'O', 'O', 'O', 'O', 'O', 'O', 'O', 'O', 'O', 'O', 'O', 'O', 'O', 'O']","[294, 750, 298, 351, 323, 93, 620, 344, 56, 790, 205, 196, 341, 617, 294, 750, 595, 572]","[3, 3, 2, 3, 3, 3, 3, 3, 3, 3, 3, 3, 3, 3, 3, 3, 3, 3]"
113,"['tháng_sau', 'đi', 'đâu', 'chơi', 'đi']","['E-thang', 'O', 'O', 'O', 'O']","[458, 319, 715, 716, 319]","[1, 3, 3, 3, 3]"
354,"['mi', 'có', 'biết', 'ai', 'chuyên', 'làm', 'front_end', 'không', 'giới_thiệu', 'tau', 'mấy', 'người']","['O', 'O', 'O', 'O', 'O', 'O', 'E-job', 'O', 'O', 'O', 'O', 'O']","[767, 169, 645, 1, 625, 694, 493, 324, 301, 32, 46, 568]","[3, 3, 3, 3, 3, 3, 2, 3, 3, 3, 3, 3]"
320,"['bên', 'đó', 'có', 'tuyển', 'kĩ_sư_ai', 'không']","['O', 'O', 'O', 'O', 'E-job', 'O']","[71, 524, 169, 163, 559, 324]","[3, 3, 3, 3, 2, 3]"
216,"['công_ty', 'có', 'cho', 'code', 'python', 'không']","['O', 'O', 'O', 'O', 'E-ngon_ngu', 'O']","[679, 169, 95, 153, 345, 324]","[3, 3, 3, 3, 4, 3]"
228,"['đéo', 'biết', 'code', 'web']","['O', 'O', 'O', 'E-ngon_ngu']","[513, 645, 153, 752]","[3, 3, 3, 4]"
45,"['nên', 'học', 'chứng_chỉ', 'ngôn_ngữ', 'nào', 'toeic', 'hsk']","['O', 'O', 'O', 'O', 'O', 'E-bang_cap', 'E-bang_cap']","[555, 82, 471, 651, 104, 190, 788]","[3, 3, 3, 3, 3, 0, 0]"
170,"['5/1911', 'bác', 'hồ', 'ra_đi', 'tìm', 'đường', 'cứu', 'nước']","['E-thang', 'O', 'O', 'O', 'O', 'O', 'O', 'O']","[383, 599, 482, 146, 306, 171, 61, 634]","[1, 3, 3, 3, 3, 3, 3, 3]"
7,"['thạc_sĩ', 'là', 'một', 'văn_bằng', 'cao_cấp', 'được', 'trao', 'bởi', 'các', 'trường', 'đại_học', 'trên', 'toàn', 'thế_giới', '.']","['E-bang_cap', 'O', 'O', 'O', 'O', 'O', 'O', 'O', 'O', 'O', 'O', 'O', 'O', 'O', 'O']","[8, 294, 750, 202, 664, 351, 519, 609, 561, 374, 299, 178, 55, 159, 562]","[0, 3, 3, 3, 3, 3, 3, 3, 3, 3, 3, 3, 3, 3, 3]"
118,"['tháng_trước', 'thi', 'advance', 'rồi']","['E-thang', 'O', 'O', 'O']","[85, 543, 550, 83]","[1, 3, 3, 3]"
204,"['code', 'web', 'bằng', 'gì']","['O', 'E-ngon_ngu', 'O', 'O']","[153, 752, 564, 749]","[3, 4, 3, 3]"
246,"['hồi', 'xưa', 'học', 'ngu', 'pascal', 'lắm']","['O', 'O', 'O', 'O', 'E-ngon_ngu', 'O']","[546, 774, 82, 630, 367, 378]","[3, 3, 3, 3, 4, 3]"
29,"['mình', 'nên', 'học', 'toeic', 'hay', 'ielts', 'hoặc', 'toefl', 'để', 'đáp_ứng', 'được', 'mục_tiêu', 'cá_nhân', 'đây']","['O', 'O', 'O', 'E-bang_cap', 'O', 'E-bang_cap', 'O', 'E-bang_cap', 'O', 'O', 'O', 'O', 'O', 'O']","[196, 555, 82, 190, 452, 748, 204, 623, 744, 421, 351, 278, 36, 682]","[3, 3, 3, 0, 3, 0, 3, 0, 3, 3, 3, 3, 3, 3]"
77,"['sau', 'vào', 'công_ty', 'đi', 'học', 'ielts', 'đi']","['O', 'O', 'O', 'O', 'O', 'E-bang_cap', 'O']","[150, 712, 679, 319, 82, 748, 319]","[3, 3, 3, 3, 3, 0, 3]"
55,"['gía', 'học', 'toefl', 'có', 'đắt', 'không']","['O', 'O', 'E-bang_cap', 'O', 'O', 'O']","[117, 82, 623, 169, 633, 324]","[3, 3, 0, 3, 3, 3]"
287,"['tố_chất', 'nào', 'quan_trọng', 'nhất', 'với', '1', 'tester']","['O', 'O', 'O', 'O', 'O', 'O', 'E-job']","[186, 104, 430, 780, 790, 591, 27]","[3, 3, 3, 3, 3, 3, 2]"
229,"['không', 'thích', 'android']","['O', 'O', 'E-ngon_ngu']","[324, 708, 628]","[3, 3, 4]"
139,"['tháng_2', 'phát_hành', 'tốc_chiến', 'à']","['E-thang', 'O', 'O', 'O']","[683, 800, 156, 639]","[1, 3, 3, 3]"
303,"['tester', 'có', 'cần', 'biết', 'code', 'hay', 'không', '.']","['E-job', 'O', 'O', 'O', 'O', 'O', 'O', 'O']","[27, 169, 168, 645, 153, 452, 324, 562]","[2, 3, 3, 3, 3, 3, 3, 3]"
84,"['việt', 'nam', 'toàn', 'học', 'toeic', 'với', 'ielts', 'thôi']","['O', 'O', 'O', 'O', 'E-bang_cap', 'O', 'E-bang_cap', 'O']","[803, 321, 55, 82, 190, 790, 748, 797]","[3, 3, 3, 3, 0, 3, 0, 3]"
4,"['job', 'data_engineer', 'này', 'xinh', 'vì', 'nắm', 'giữ', 'cả', 'mỏ', 'vàng', 'dữ_liệu', 'của', 'viettel']","['O', 'E-job', 'O', 'O', 'O', 'O', 'O', 'O', 'O', 'O', 'O', 'O', 'O']","[208, 2, 191, 566, 505, 60, 331, 380, 174, 16, 226, 466, 386]","[3, 2, 3, 3, 3, 3, 3, 3, 3, 3, 3, 3, 3]"
11,"['bài', 'thi', 'ielts', 'được', 'thiết_kế', 'để', 'đánh_giá', 'khả_năng', 'ngôn_ngữ', 'của', 'mọi', 'người']","['O', 'O', 'E-bang_cap', 'O', 'O', 'O', 'O', 'O', 'O', 'O', 'O', 'O']","[447, 543, 748, 351, 693, 744, 643, 375, 651, 466, 449, 568]","[3, 3, 0, 3, 3, 3, 3, 3, 3, 3, 3, 3]"
121,"['tháng_hai', 'hoa_ban', 'ngập_tràn', 'tím', 'biếc', 'những', 'gương_mặt', 'phố']","['E-thang', 'O', 'O', 'O', 'O', 'O', 'O', 'O']","[768, 582, 162, 260, 791, 244, 292, 525]","[1, 3, 3, 3, 3, 3, 3, 3]"
323,"['sau_này', 'đừng', 'lấy', 'vợ', 'chộng', 'làm', 'it', 'nhé']","['O', 'O', 'O', 'O', 'O', 'O', 'E-job', 'O']","[681, 183, 492, 173, 541, 694, 263, 448]","[3, 3, 3, 3, 3, 3, 2, 3]"
19,"['toeic', 'là', 'bài', 'thi', 'trắc_nghiệm', 'được', 'tiến_hành', 'trong', '2', 'giờ']","['E-bang_cap', 'O', 'O', 'O', 'O', 'O', 'O', 'O', 'O', 'O']","[190, 294, 447, 543, 289, 351, 70, 700, 499, 262]","[0, 3, 3, 3, 3, 3, 3, 3, 3, 3]"
92,"['edutalk', 'đào_tạo', 'toiec', 'như', 'lol']","['O', 'O', 'E-bang_cap', 'O', 'O']","[642, 390, 388, 481, 335]","[3, 3, 0, 3, 3]"
10,"['toefl', 'là', 'một', 'trong', 'các', 'chứng_chỉ_tiếng_anh', 'quốc_tế', 'có', 'giá_trị', 'hiện_nay']","['E-bang_cap', 'O', 'O', 'O', 'O', 'E-bang_cap', 'O', 'O', 'O', 'O']","[623, 294, 750, 700, 561, 304, 432, 169, 303, 158]","[0, 3, 3, 3, 3, 0, 3, 3, 3, 3]"
256,"['mày', 'học', 'python', 'ở', 'đâu', 'đấy']","['O', 'O', 'E-ngon_ngu', 'O', 'O', 'O']","[264, 82, 345, 252, 715, 629]","[3, 3, 4, 3, 3, 3]"
227,"['chưa', 'nghe', 'thấy', 'ngôn_ngữ', 'ruby', 'bao_giờ']","['O', 'O', 'O', 'O', 'E-ngon_ngu', 'O']","[42, 280, 217, 651, 230, 313]","[3, 3, 3, 3, 4, 3]"
47,"['lệ_phí', 'thi', 'chứng_chỉ', 'topik', 'là', 'bao_nhiêu']","['O', 'O', 'O', 'E-bang_cap', 'O', 'O']","[241, 543, 471, 250, 294, 461]","[3, 3, 3, 0, 3, 3]"
205,"['học', 'web', 'ở', 'đâu']","['O', 'E-ngon_ngu', 'O', 'O']","[82, 752, 252, 715]","[3, 4, 3, 3]"
363,"['tau', 'ước_ao', 'năm', 'sau', 'có_thể', 'đi', 'du_học']","['O', 'O', 'O', 'O', 'O', 'O', 'O']","[32, 689, 41, 150, 620, 319, 242]","[3, 3, 3, 3, 3, 3, 3]"
163,"['tháng_11', 'là', 'no', 'nut', 'november']","['E-thang', 'O', 'O', 'O', 'O']","[184, 294, 5, 261, 755]","[1, 3, 3, 3, 3]"
68,"['học', 'ielts_6.0', 'mất', 'bao_lâu']","['O', 'E-bang_cap', 'O', 'O']","[82, 451, 437, 718]","[3, 0, 3, 3]"
80,"['bây_giờ', 'đi', 'du_học', 'chỉ', 'cần', 'ielts_trên_6.0', 'là', 'được', 'rồi']","['O', 'O', 'O', 'O', 'O', 'E-bang_cap', 'O', 'O', 'O']","[423, 319, 242, 185, 168, 676, 294, 351, 83]","[3, 3, 3, 3, 3, 0, 3, 3, 3]"
201,"['code', 'java', 'tù', 'lắm']","['O', 'E-ngon_ngu', 'O', 'O']","[153, 64, 612, 378]","[3, 4, 3, 3]"
12,"['chứng_chỉ_sat', 'là', 'một', 'trong', 'những', 'yêu_cầu', 'không_thể', 'thiếu', 'nếu', 'bạn', 'muốn', 'đi', 'du_học']","['E-bang_cap', 'O', 'O', 'O', 'O', 'O', 'O', 'O', 'O', 'O', 'O', 'O', 'O']","[11, 294, 750, 700, 244, 660, 270, 569, 731, 601, 459, 319, 242]","[0, 3, 3, 3, 3, 3, 3, 3, 3, 3, 3, 3, 3]"
122,"['tháng_ba', 'bất_chợt', 'một', 'ngày', 'trắng_tinh_hoa', 'sưa', 'về', 'đây']","['E-thang', 'O', 'O', 'O', 'O', 'O', 'O', 'O']","[506, 142, 750, 274, 371, 580, 769, 682]","[1, 3, 3, 3, 3, 3, 3, 3]"
173,"['phong_trào', 'giải_phóng', 'dân_tộc', 'và', 'tổng_khởi_nghĩa', 'tháng_tám_(_1939_-_1945_)']","['O', 'O', 'O', 'O', 'O', 'E-thang']","[297, 454, 453, 93, 34, 480]","[3, 3, 3, 3, 3, 1]"
282,"['các', 'loại', 'tester']","['O', 'O', 'E-job']","[561, 192, 27]","[3, 3, 2]"
197,"['công_ty', 'misa', 'cần', 'tuyển', '2', 'lập_trình_viên', 'java', 'và', '3', 'lập_trình_viên', 'php', 'lương', 'thỏa_thuận']","['O', 'O', 'O', 'O', 'O', 'O', 'E-ngon_ngu', 'O', 'O', 'O', 'E-ngon_ngu', 'O', 'O']","[679, 544, 168, 163, 499, 531, 64, 93, 30, 531, 179, 111, 427]","[3, 3, 3, 3, 3, 3, 4, 3, 3, 3, 4, 3, 3]"
198,"['dự_án', 'thiếu', 'người', 'nên', 'mình', 'cần', 'tuyển', 'gấp', '2', 'bạn', 'code', 'java', 'lương', '200', 'k']","['O', 'O', 'O', 'O', 'O', 'O', 'O', 'O', 'O', 'O', 'O', 'E-ngon_ngu', 'O', 'O', 'O']","[194, 569, 568, 555, 196, 168, 163, 373, 499, 601, 153, 64, 111, 19, 479]","[3, 3, 3, 3, 3, 3, 3, 3, 3, 3, 3, 4, 3, 3, 3]"
8,"['đa_số', 'master', 'yêu_cầu', 'đh', 'có', 'làm', 'luận_văn', 'tốt']","['O', 'E-bang_cap', 'O', 'O', 'O', 'O', 'O', 'O']","[232, 730, 660, 376, 169, 694, 44, 235]","[3, 0, 3, 3, 3, 3, 3, 3]"
96,"['lo_lắng', 'quá', 'tau', 'sắp', 'thi', 'toiec', 'rồi']","['O', 'O', 'O', 'O', 'O', 'E-bang_cap', 'O']","[404, 435, 32, 379, 543, 388, 83]","[3, 3, 3, 3, 3, 0, 3]"
274,"['làm', 'tester', 'lương', 'cao', 'không', '?']","['O', 'E-job', 'O', 'O', 'O', 'O']","[694, 27, 111, 436, 324, 307]","[3, 2, 3, 3, 3, 3]"
290,"['điểm', 'trừ', 'của', 'nghề', 'tester']","['O', 'O', 'O', 'O', 'E-job']","[141, 52, 466, 188, 27]","[3, 3, 3, 3, 2]"
299,"['tìm_hiểu', 'về', 'nghề', 'tester', 'cho', 'người', 'bắt_đầu']","['O', 'O', 'O', 'E-job', 'O', 'O', 'O']","[114, 769, 188, 27, 95, 568, 91]","[3, 3, 3, 2, 3, 3, 3]"
164,"['sơn', 'tùng', 'mới', 'ra', 'bài', 'đợt', 'tháng_5', 'đó']","['O', 'O', 'O', 'O', 'O', 'O', 'E-thang', 'O']","[412, 18, 74, 288, 447, 754, 149, 524]","[3, 3, 3, 3, 3, 3, 1, 3]"
160,"['đúng', 'là', 'tháng_cô_hồ', 'mà', 'xui', 'vãi', 'ra']","['O', 'O', 'E-thang', 'O', 'O', 'O', 'O']","[56, 294, 698, 722, 72, 13, 288]","[3, 3, 1, 3, 3, 3, 3]"
31,"['đặc_biệt', 'với', 'những', 'trường', 'lớn', 'yêu_cầu', 'càng', 'khắt_khe', 'với', 'chứng_chỉ_toeic', 'ielts']","['O', 'O', 'O', 'O', 'O', 'O', 'O', 'O', 'O', 'E-bang_cap', 'E-bang_cap']","[33, 790, 244, 374, 572, 660, 724, 530, 790, 290, 748]","[3, 3, 3, 3, 3, 3, 3, 3, 3, 0, 0]"
15,"['toeic', 'có', 'khả_năng', 'đánh_giá', 'khả_năng', 'giao_tiếp', 'tiếng', 'anh']","['E-bang_cap', 'O', 'O', 'O', 'O', 'O', 'O', 'O']","[190, 169, 375, 643, 375, 231, 474, 690]","[0, 3, 3, 3, 3, 3, 3, 3]"
43,"['chứng_chỉ', 'tiếng', 'anh', 'a1', 'a2', '-', 'khung', 'năng_lực', '6', 'bậc']","['O', 'O', 'O', 'E-bang_cap', 'E-bang_cap', 'O', 'O', 'O', 'O', 'O']","[471, 474, 690, 743, 9, 551, 107, 3, 384, 54]","[3, 3, 3, 0, 0, 3, 3, 3, 3, 3]"
0,"['ứng_viên', 'cần', 'có', 'bằng', 'thạc_sĩ', 'chuyên', 'nghành', 'khoa_học', 'máy_tính', 'và', 'ielts_6.0', '+']","['O', 'O', 'O', 'O', 'O', 'O', 'O', 'O', 'O', 'O', 'E-bang_cap', 'O']","[695, 168, 169, 564, 8, 625, 122, 597, 515, 93, 451, 392]","[3, 3, 3, 3, 3, 3, 3, 3, 3, 3, 0, 3]"
128,"['mùa', 'hoa_sữa', 'rơi', 'tháng_chín', 'nồng_nàn']","['O', 'O', 'O', 'E-thang', 'O']","[339, 560, 669, 558, 763]","[3, 3, 3, 1, 3]"
232,"['tao', 'ghét', 'android', 'vãi']","['O', 'O', 'E-ngon_ngu', 'O']","[508, 648, 628, 13]","[3, 3, 4, 3]"
107,"['một', 'năm', 'có', 'bao_nhiêu', 'tháng']","['O', 'O', 'O', 'O', 'E-thang']","[750, 41, 169, 461, 596]","[3, 3, 3, 3, 1]"
245,"['code', 'pascal', 'tù', 'ghê']","['O', 'E-ngon_ngu', 'O', 'O']","[153, 367, 612, 756]","[3, 4, 3, 3]"
95,"['không', 'biết', 'nên', 'đi', 'học', 'topik', 'không', 'nữa']","['O', 'O', 'O', 'O', 'O', 'E-bang_cap', 'O', 'O']","[324, 645, 555, 319, 82, 250, 324, 640]","[3, 3, 3, 3, 3, 0, 3, 3]"
17,"['các', 'nước', 'theo', 'hệ_thống', 'giáo_dục', 'anh', 'thường', 'chỉ', 'yêu_cầu', 'ielts']","['O', 'O', 'O', 'O', 'O', 'O', 'O', 'O', 'O', 'E-bang_cap']","[561, 634, 704, 588, 296, 690, 574, 185, 660, 748]","[3, 3, 3, 3, 3, 3, 3, 3, 3, 0]"
310,"['học', 'gì', 'để', 'trở_thành', '1', 'tester']","['O', 'O', 'O', 'O', 'O', 'E-job']","[82, 749, 744, 438, 591, 27]","[3, 3, 3, 3, 3, 2]"
85,"['du_học', 'thạc', 'sỹ', 'bên', 'trung', 'yêu_cầu', 'hsk_5', 'trở', 'lên']","['O', 'O', 'O', 'O', 'O', 'O', 'E-bang_cap', 'O', 'O']","[242, 806, 495, 71, 498, 660, 349, 385, 399]","[3, 3, 3, 3, 3, 3, 0, 3, 3]"
315,"['hiện', 'tại', 'em', 'muốn', 'apply', 'vị_trí', 'lập_trình_viên_android']","['O', 'O', 'O', 'O', 'O', 'O', 'E-job']","[116, 118, 119, 459, 53, 711, 738]","[3, 3, 3, 3, 3, 3, 2]"
56,"['học', 'topik', 'có', 'đắt', 'không']","['O', 'E-bang_cap', 'O', 'O', 'O']","[82, 250, 169, 633, 324]","[3, 0, 3, 3, 3]"
214,"['code', 'python', 'tiện', 'ghê']","['O', 'E-ngon_ngu', 'O', 'O']","[153, 345, 139, 756]","[3, 4, 3, 3]"
129,"['tết', 'nguyên_đán', 'thường', 'vào', 'tháng_1', 'hoặc', 'tháng_2', 'dương_lịch']","['O', 'O', 'O', 'O', 'E-thang', 'O', 'E-thang', 'O']","[626, 354, 574, 712, 444, 204, 683, 409]","[3, 3, 3, 3, 1, 3, 1, 3]"
314,"['tuyển', 'lập_trình', 'không']","['O', 'E-job', 'O']","[163, 661, 324]","[3, 2, 3]"
72,"['chứng_chỉ', 'hsk', 'chưa', 'có', 'sẽ', 'học', '1', 'năm', 'tiếng']","['O', 'E-bang_cap', 'O', 'O', 'O', 'O', 'O', 'O', 'O']","[471, 788, 42, 169, 719, 82, 591, 41, 474]","[3, 0, 3, 3, 3, 3, 3, 3, 3]"
233,"['tôi', 'muốn', 'làm', 'ứng_dụng', 'android']","['O', 'O', 'O', 'O', 'E-ngon_ngu']","[308, 459, 694, 567, 628]","[3, 3, 3, 3, 4]"
13,"['toeic', 'toefl', 'và', 'chứng_chỉ_ielts', 'khác', 'nhau', 'chỗ', 'nào', 'vậy']","['E-bang_cap', 'E-bang_cap', 'O', 'E-bang_cap', 'O', 'O', 'O', 'O', 'O']","[190, 623, 93, 328, 784, 475, 318, 104, 804]","[0, 0, 3, 0, 3, 3, 3, 3, 3]"
202,"['học', 'java', 'không', 'phát_triển', 'được']","['O', 'E-ngon_ngu', 'O', 'O', 'O']","[82, 64, 324, 487, 351]","[3, 4, 3, 3, 3]"
106,"['học', 'tiếng', 'nhật', 'bao_lâu', 'để', 'được', 'n4']","['O', 'O', 'O', 'O', 'O', 'O', 'E-bang_cap']","[82, 474, 484, 718, 744, 351, 773]","[3, 3, 3, 3, 3, 3, 0]"
137,"['mi', 'sinh', 'tháng_sáu', 'à']","['O', 'O', 'E-thang', 'O']","[767, 798, 357, 639]","[3, 3, 1, 3]"
114,"['tháng_sau', 'là', 'tết', 'rồi']","['E-thang', 'O', 'O', 'O']","[458, 294, 626, 83]","[1, 3, 3, 3]"
171,"['việt', 'nam', 'gia_nhập', 'asean', '10/1995']","['O', 'O', 'O', 'O', 'E-thang']","[803, 321, 333, 593, 468]","[3, 3, 3, 3, 1]"
133,"['tháng_này', 'có', 'hoa_cúc', 'họa', 'mi', 'đó']","['E-thang', 'O', 'O', 'O', 'O', 'O']","[218, 169, 267, 610, 767, 524]","[1, 3, 3, 3, 3, 3]"
24,"['ielts', 'đánh_giá', 'toàn_diện', '4', 'kỹ_năng', 'nghe', 'nói', 'đọc', 'và', 'viết']","['E-bang_cap', 'O', 'O', 'O', 'O', 'O', 'O', 'O', 'O', 'O']","[748, 643, 128, 539, 300, 280, 692, 102, 93, 126]","[0, 3, 3, 3, 3, 3, 3, 3, 3, 3]"
1,"['ad', 'biết', 'nhiều', 'bạn', 'muốn', 'làm', 'phd', 'nhưng', 'có_thể', 'hoặc', 'chưa', 'đủ', 'ielts', 'hoặc', 'chưa', 'thành_thạo', 'deep', 'learning']","['O', 'O', 'O', 'O', 'O', 'O', 'O', 'O', 'O', 'O', 'O', 'O', 'E-bang_cap', 'O', 'O', 'O', 'O', 'O']","[666, 645, 485, 601, 459, 694, 657, 147, 620, 204, 42, 249, 748, 204, 42, 497, 496, 516]","[3, 3, 3, 3, 3, 3, 3, 3, 3, 3, 3, 3, 0, 3, 3, 3, 3, 3]"
223,"['tôi', 'đang', 'học', 'java']","['O', 'O', 'O', 'E-ngon_ngu']","[308, 157, 82, 64]","[3, 3, 3, 4]"
286,"['những', 'kĩ_năng', 'cần_thiết', 'để', 'trở_thành', '1', 'tester', 'giỏi']","['O', 'O', 'O', 'O', 'O', 'O', 'E-job', 'O']","[244, 216, 783, 744, 438, 591, 27, 134]","[3, 3, 3, 3, 3, 3, 2, 3]"
301,"['một', 'tester', 'chuẩn', 'nên', 'bắt_đầu', 'từ', 'đâu']","['O', 'E-job', 'O', 'O', 'O', 'O', 'O']","[750, 27, 198, 555, 91, 602, 715]","[3, 2, 3, 3, 3, 3, 3]"
64,"['công_ty', 'có', 'tuyển', 'nhân_viên', 'không', 'chứng_chỉ_tiếng_anh', 'không']","['O', 'O', 'O', 'O', 'O', 'E-bang_cap', 'O']","[679, 169, 163, 58, 324, 304, 324]","[3, 3, 3, 3, 3, 0, 3]"
58,"['có', 'khóa', 'học', 'nào', '10', 'triêu', 'học', 'hsk', 'không']","['O', 'O', 'O', 'O', 'O', 'O', 'O', 'E-bang_cap', 'O']","[169, 520, 82, 104, 366, 537, 82, 788, 324]","[3, 3, 3, 3, 3, 3, 3, 0, 3]"
9,"['toeic', 'được', 'soạn', 'dựa', 'trên', 'toefl', 'và', 'được', 'kiểm_chứng', 'công_nhận', 'trên', 'hầu_hết', 'các', 'quốc_gia', 'trên', 'thế_giới']","['E-bang_cap', 'O', 'O', 'O', 'O', 'E-bang_cap', 'O', 'O', 'O', 'O', 'O', 'O', 'O', 'O', 'O', 'O']","[190, 351, 450, 753, 178, 623, 93, 351, 534, 670, 178, 282, 561, 275, 178, 159]","[0, 3, 3, 3, 3, 0, 3, 3, 3, 3, 3, 3, 3, 3, 3, 3]"
97,"['ngại', 'đi', 'học', 'toiec', 'dã_man']","['O', 'O', 'O', 'E-bang_cap', 'O']","[624, 319, 82, 388, 237]","[3, 3, 3, 0, 3]"
103,"['bjt', 'là', 'chứng_chỉ_tiếng_nhật', 'à']","['E-bang_cap', 'O', 'E-bang_cap', 'O']","[443, 294, 291, 639]","[0, 3, 0, 3]"
108,"['tháng_1', 'trong', 'tiếng', 'anh', 'là', 'gì']","['E-thang', 'O', 'O', 'O', 'O', 'O']","[444, 700, 474, 690, 294, 749]","[1, 3, 3, 3, 3, 3]"
369,"['sóng_gió', 'phũ', 'đời', 'trai', ',', 'tương_lai', 'nhờ', 'nhà', 'ngoại']","['O', 'O', 'O', 'O', 'O', 'O', 'O', 'O', 'O']","[353, 369, 781, 465, 287, 47, 144, 233, 243]","[3, 3, 3, 3, 3, 3, 3, 3, 3]"
240,"['bắt_đầu', 'học', 'từ', 'c', 'nhé']","['O', 'O', 'O', 'E-ngon_ngu', 'O']","[91, 82, 602, 697, 448]","[3, 3, 3, 4, 3]"
136,"['tháng_sáu', 'nắng', 'bỏ_mẹ', 'ra']","['E-thang', 'O', 'O', 'O']","[357, 428, 751, 288]","[1, 3, 3, 3]"
211,"['bên', 'chị', 'đang', 'cần', '2', 'bạn', 'dev', 'code', 'python', 'lương', 'thỏa_thuận']","['O', 'O', 'O', 'O', 'O', 'O', 'O', 'O', 'E-ngon_ngu', 'O', 'O']","[71, 206, 157, 168, 499, 601, 792, 153, 345, 111, 427]","[3, 3, 3, 3, 3, 3, 3, 3, 4, 3, 3]"
89,"['các', 'thầy', 'trường', 'mình', 'toàn', 'ielts_7.0']","['O', 'O', 'O', 'O', 'O', 'E-bang_cap']","[561, 523, 374, 196, 55, 456]","[3, 3, 3, 3, 3, 0]"
295,"['bổ_sung', 'kiến_thức', 'cho', 'công_việc', 'tester', 'như', 'nào', '?']","['O', 'O', 'O', 'O', 'E-job', 'O', 'O', 'O']","[277, 317, 95, 433, 27, 481, 104, 307]","[3, 3, 3, 3, 2, 3, 3, 3]"
14,"['giữa', 'các', 'chứng_chỉ_ielts', 'và', 'toefl', 'hay', 'toeic', 'thì', 'đâu', 'mới', 'là', 'bằng_cấp', 'hữu_ích', 'cho', 'bạn']","['O', 'O', 'E-bang_cap', 'O', 'E-bang_cap', 'O', 'E-bang_cap', 'O', 'O', 'O', 'O', 'O', 'O', 'O', 'O']","[504, 561, 328, 93, 623, 452, 190, 254, 715, 74, 294, 247, 510, 95, 601]","[3, 3, 0, 3, 0, 3, 0, 3, 3, 3, 3, 3, 3, 3, 3]"
44,"['tôi', 'muốn', 'đi', 'du_học', 'trung', 'mà', 'không', 'có', 'hsk', 'có', 'được', 'không']","['O', 'O', 'O', 'O', 'O', 'O', 'O', 'O', 'E-bang_cap', 'O', 'O', 'O']","[308, 459, 319, 242, 498, 722, 324, 169, 788, 169, 351, 324]","[3, 3, 3, 3, 3, 3, 3, 3, 0, 3, 3, 3]"
311,"['người', 'trái', 'ngành', 'gặp', 'khó_khăn', 'gì', 'khi', 'làm', 'công_việc', 'tester']","['O', 'O', 'O', 'O', 'O', 'O', 'O', 'O', 'O', 'E-job']","[568, 103, 108, 312, 616, 749, 801, 694, 433, 27]","[3, 3, 3, 3, 3, 3, 3, 3, 3, 2]"
259,"['học', 'lập_trình', 'web', 'xong', 'muốn', 'theo', 'web', 'luôn']","['O', 'O', 'E-ngon_ngu', 'O', 'O', 'O', 'E-ngon_ngu', 'O']","[82, 661, 752, 97, 459, 704, 752, 547]","[3, 3, 4, 3, 3, 3, 4, 3]"
130,"['tháng_củ_mật', 'là', 'tháng_12_âm_lịch', 'nhé']","['E-thang', 'O', 'E-thang', 'O']","[536, 294, 6, 448]","[1, 3, 1, 3]"
235,"['học', 'c_+_+', 'code', 'được', 'gì']","['O', 'E-ngon_ngu', 'O', 'O', 'O']","[82, 789, 153, 351, 749]","[3, 4, 3, 3, 3]"
222,"['nghe', 'tên', 'ruby', 'hay', 'hay']","['O', 'O', 'E-ngon_ngu', 'O', 'O']","[280, 223, 230, 452, 452]","[3, 3, 4, 3, 3]"
82,"['trước', 'tau', 'đi', 'phỏng_vấn', 'trượt', 'vì', 'toefl']","['O', 'O', 'O', 'O', 'O', 'O', 'E-bang_cap']","[663, 32, 319, 463, 96, 505, 623]","[3, 3, 3, 3, 3, 3, 0]"
362,"['năm_ngoái', 'tau', 'đi', 'du_lịch']","['O', 'O', 'O', 'O']","[576, 32, 319, 75]","[3, 3, 3, 3]"
285,"['những', 'khó_khăn', 'thử_thách', 'của', 'nghề', 'tester']","['O', 'O', 'O', 'O', 'O', 'E-job']","[244, 616, 382, 466, 188, 27]","[3, 3, 3, 3, 3, 2]"
140,"['tháng_chín_năm_ngoái', 'có', 'giải', 'bang', 'bang', 'đó']","['E-thang', 'O', 'O', 'O', 'O', 'O']","[342, 169, 302, 12, 12, 524]","[1, 3, 3, 3, 3, 3]"
360,"['bây_giờ', 'muốn', 'đi', 'du_học', 'cần', 'loại', 'bằng_cấp', 'gì', 'được', 'nhỉ']","['O', 'O', 'O', 'O', 'O', 'O', 'O', 'O', 'O', 'O']","[423, 459, 319, 242, 168, 192, 247, 749, 351, 164]","[3, 3, 3, 3, 3, 3, 3, 3, 3, 3]"
165,"['tháng_6', 'sang', 'năm', 'có', 'sea', 'game']","['E-thang', 'O', 'O', 'O', 'O', 'O']","[4, 553, 41, 169, 281, 714]","[1, 3, 3, 3, 3, 3]"
221,"['học', 'ngôn_ngữ', 'ruby', 'không']","['O', 'O', 'E-ngon_ngu', 'O']","[82, 651, 230, 324]","[3, 3, 4, 3]"
30,"['cả', 'toeic', 'và', 'ielts', 'cũng', 'như', 'toefl', 'đều', 'là', 'các', 'chứng_chỉ_ngoại_ngữ']","['O', 'E-bang_cap', 'O', 'E-bang_cap', 'O', 'O', 'E-bang_cap', 'O', 'O', 'O', 'E-bang_cap']","[380, 190, 93, 748, 687, 481, 623, 796, 294, 561, 215]","[3, 0, 3, 0, 3, 3, 0, 3, 3, 3, 0]"
67,"['các', 'loại', 'chứng_chỉ_tiếng_anh', 'nào', 'thông_dụng']","['O', 'O', 'E-bang_cap', 'O', 'O']","[561, 192, 304, 104, 325]","[3, 3, 0, 3, 3]"
306,"['học', 'tester', 'trong', 'bao', 'lau', 'thì', 'làm_việc', 'được', '?']","['O', 'E-job', 'O', 'O', 'O', 'O', 'O', 'O', 'O']","[82, 27, 700, 746, 136, 254, 344, 351, 307]","[3, 2, 3, 3, 3, 3, 3, 3, 3]"
199,"['công_ty', 'co-well', 'cần', 'tuyển', '5', 'lập_trình_viên', 'java', 'web']","['O', 'O', 'O', 'O', 'O', 'O', 'E-ngon_ngu', 'E-ngon_ngu']","[679, 594, 168, 163, 181, 531, 64, 752]","[3, 3, 3, 3, 3, 3, 4, 4]"
181,"['tháng_này', 'có', 'phim', 'mới', 'mày', 'ơi']","['E-thang', 'O', 'O', 'O', 'O', 'O']","[218, 169, 189, 74, 264, 68]","[1, 3, 3, 3, 3, 3]"
200,"['tuyển', 'lập_trình_viên', 'java', 'không', 'yêu_cầu', 'kinh_nghiệm']","['O', 'O', 'E-ngon_ngu', 'O', 'O', 'O']","[163, 531, 64, 324, 660, 521]","[3, 3, 4, 3, 3, 3]"
254,"['thôi', 'học', 'python', 'xong', 'code', 'ai', 'đi']","['O', 'O', 'E-ngon_ngu', 'O', 'O', 'O', 'O']","[797, 82, 345, 97, 153, 1, 319]","[3, 3, 4, 3, 3, 3, 3]"
125,"['hồ', 'tây', 'ngát', 'hương', 'mùa', 'sen', 'tháng_sáu']","['O', 'O', 'O', 'O', 'O', 'O', 'E-thang']","[482, 653, 39, 410, 339, 143, 357]","[3, 3, 3, 3, 3, 3, 1]"
341,"['fresher', 'là', 'người', 'có', 'đầu', 'đủ', 'kiến_thức', 'kĩ_năng', 'nhưng', 'chưa', 'được', 'trải_nghiệm', 'công_việc', 'thực_tế']","['E-job', 'O', 'O', 'O', 'O', 'O', 'O', 'O', 'O', 'O', 'O', 'O', 'O', 'O']","[298, 294, 568, 169, 533, 249, 317, 216, 147, 42, 351, 77, 433, 361]","[2, 3, 3, 3, 3, 3, 3, 3, 3, 3, 3, 3, 3, 3]"
161,"['tháng_sáu', 'của', 'anh']","['E-thang', 'O', 'O']","[357, 466, 690]","[1, 3, 3]"
250,"['c_+_+', 'hỗ_trợ', 'nhiều', 'thư_viện', 'thuật_toán']","['E-ngon_ngu', 'O', 'O', 'O', 'O']","[789, 362, 485, 234, 396]","[4, 3, 3, 3, 3]"
359,"['bên', 'đó', 'chế_độ', 'bảo_hiểm', 'sao', 'nhỉ']","['O', 'O', 'O', 'O', 'O', 'O']","[71, 524, 355, 7, 411, 164]","[3, 3, 3, 3, 3, 3]"
352,"['kĩ_sư_mạng', 'lập_trình_phần_cứng', 'kĩ_sư_ai', 'là', 'một', 'trong', 'những', 'công_việc', 'có', 'lương', 'cao', 'nhất', 'hiện_tại']","['E-job', 'E-job', 'E-job', 'O', 'O', 'O', 'O', 'O', 'O', 'O', 'O', 'O', 'O']","[256, 472, 559, 294, 750, 700, 244, 433, 169, 111, 436, 780, 391]","[2, 2, 2, 3, 3, 3, 3, 3, 3, 3, 3, 3, 3]"
60,"['có', 'lộ_trình', 'hsk', 'nào', 'cho', 'người', 'mới', 'bắt_đầu', 'không']","['O', 'O', 'E-bang_cap', 'O', 'O', 'O', 'O', 'O', 'O']","[169, 469, 788, 104, 95, 568, 74, 91, 324]","[3, 3, 0, 3, 3, 3, 3, 3, 3]"
25,"['ielts', 'được', 'công_nhận', 'rộng_rãi', 'khắp', 'nơi', 'trên', 'thế_giới']","['E-bang_cap', 'O', 'O', 'O', 'O', 'O', 'O', 'O']","[748, 351, 670, 720, 607, 696, 178, 159]","[0, 3, 3, 3, 3, 3, 3, 3]"
153,"['tháng_tám', 'có', 'tết', 'trung_thu']","['E-thang', 'O', 'O', 'O']","[590, 169, 626, 266]","[1, 3, 3, 3]"
328,"['fresher', 'trong', 'công_nghệ_thông_tin', 'có', 'vị_trí', 'nào']","['E-job', 'O', 'O', 'O', 'O', 'O']","[298, 700, 727, 169, 711, 104]","[2, 3, 3, 3, 3, 3]"
248,"['đứa', 'nào', 'chẳng', 'biết', 'code', 'c', 'cơ_bản']","['O', 'O', 'O', 'O', 'O', 'E-ngon_ngu', 'O']","[762, 104, 799, 645, 153, 697, 573]","[3, 3, 3, 3, 3, 4, 3]"
261,"['tao', 'đang', 'học', 'web', 'rồi']","['O', 'O', 'O', 'E-ngon_ngu', 'O']","[508, 157, 82, 752, 83]","[3, 3, 3, 4, 3]"
317,"['hiện', 'tại', 'bên', 'công_ty', 'có', 'tuyển', 'nhân_viên_hr', 'không', 'ạ']","['O', 'O', 'O', 'O', 'O', 'O', 'E-job', 'O', 'O']","[116, 118, 71, 679, 169, 163, 728, 324, 686]","[3, 3, 3, 3, 3, 3, 2, 3, 3]"
177,"['tháng_sau', 'chúng', 'mi', 'có', 'đi', 'sinh_nhật', 'tau', 'không']","['E-thang', 'O', 'O', 'O', 'O', 'O', 'O', 'O']","[458, 152, 767, 169, 319, 255, 32, 324]","[1, 3, 3, 3, 3, 3, 3, 3]"
179,"['tau', 'đoán', 'sau', 'tết', 'tháng_3', 'mình', 'mới', 'vào', 'làm', 'chính_thức']","['O', 'O', 'O', 'O', 'E-thang', 'O', 'O', 'O', 'O', 'O']","[32, 130, 150, 626, 414, 196, 74, 712, 694, 581]","[3, 3, 3, 3, 1, 3, 3, 3, 3, 3]"
237,"['biết', 'mỗi', 'code', 'c']","['O', 'O', 'O', 'E-ngon_ngu']","[645, 106, 153, 697]","[3, 3, 3, 4]"
236,"['học', 'c', 'có', 'code', 'được', 'ứng_dụng', 'gì', 'k']","['O', 'E-ngon_ngu', 'O', 'O', 'O', 'O', 'O', 'O']","[82, 697, 169, 153, 351, 567, 749, 479]","[3, 4, 3, 3, 3, 3, 3, 3]"
357,"['công_ty', 'mày', 'đang', 'làm', 'kia', 'lương', 'có', 'ổn', 'tí', 'nào', 'không', '?']","['O', 'O', 'O', 'O', 'O', 'O', 'O', 'O', 'O', 'O', 'O', 'O']","[679, 264, 157, 694, 710, 111, 169, 514, 314, 104, 324, 307]","[3, 3, 3, 3, 3, 3, 3, 3, 3, 3, 3, 3]"
255,"['code', 'python', 'đi', 'sau', 'xin', 'việc', 'cho', 'dễ']","['O', 'E-ngon_ngu', 'O', 'O', 'O', 'O', 'O', 'O']","[153, 345, 319, 150, 20, 632, 95, 419]","[3, 4, 3, 3, 3, 3, 3, 3]"
131,"['tháng_sau', 'tau', 'đi', 'làm', 'rồi']","['E-thang', 'O', 'O', 'O', 'O']","[458, 32, 319, 694, 83]","[1, 3, 3, 3, 3]"
367,"['phản_bội', 'lần', 'đầu', 'là', 'lỗi', 'của', 'anh', ',', 'nhưng', 'để', 'anh', 'phản_bội', 'lần', 'nữa', 'là', 'lỗi', 'của', 'tôi']","['O', 'O', 'O', 'O', 'O', 'O', 'O', 'O', 'O', 'O', 'O', 'O', 'O', 'O', 'O', 'O', 'O', 'O']","[213, 99, 533, 294, 654, 466, 690, 287, 147, 744, 690, 213, 99, 640, 294, 654, 466, 308]","[3, 3, 3, 3, 3, 3, 3, 3, 3, 3, 3, 3, 3, 3, 3, 3, 3, 3]"
74,"['toiec', 'bao_nhiêu', 'để', 'ra', 'được', 'trường']","['E-bang_cap', 'O', 'O', 'O', 'O', 'O']","[388, 461, 744, 288, 351, 374]","[0, 3, 3, 3, 3, 3]"
117,"['tháng_sau', 'nghỉ_hè', 'rồi', 'bạn', 'ơi']","['E-thang', 'O', 'O', 'O', 'O']","[458, 330, 83, 601, 68]","[1, 3, 3, 3, 3]"
83,"['sao', 'không', 'thấy', 'mấy', 'người', 'đi', 'học', 'toefl', 'nhỉ']","['O', 'O', 'O', 'O', 'O', 'O', 'O', 'E-bang_cap', 'O']","[411, 324, 217, 46, 568, 319, 82, 623, 164]","[3, 3, 3, 3, 3, 3, 3, 0, 3]"
349,"['kĩ_sự_đồ_họa', 'là', 'một', 'nghề', 'đang', 'hot', 'trong', 'những', 'năm', 'gần', 'đây']","['E-job', 'O', 'O', 'O', 'O', 'O', 'O', 'O', 'O', 'O', 'O']","[57, 294, 750, 188, 157, 334, 700, 244, 41, 31, 682]","[2, 3, 3, 3, 3, 3, 3, 3, 3, 3, 3]"
111,"['cuối_tháng', 'đi', 'chơi', 'đi']","['E-thang', 'O', 'O', 'O']","[758, 319, 716, 319]","[1, 3, 3, 3]"
253,"['học', 'ruby', 'cùng', 'tao', 'không']","['O', 'E-ngon_ngu', 'O', 'O', 'O']","[82, 230, 702, 508, 324]","[3, 4, 3, 3, 3]"
343,"['điểm', 'khác', 'nhau', 'cơ_bản', 'giữa', 'junior', 'và', 'fresher', 'là', 'trình_độ', 'chuyên_môn', 'và', 'kinh_nghiệm', 'làm_việc', '.']","['O', 'O', 'O', 'O', 'O', 'O', 'O', 'E-job', 'O', 'O', 'O', 'O', 'O', 'O', 'O']","[141, 784, 475, 573, 504, 92, 93, 298, 294, 734, 182, 93, 521, 344, 562]","[3, 3, 3, 3, 3, 3, 3, 2, 3, 3, 3, 3, 3, 3, 3]"
16,"['nếu', 'bạn', 'có', 'ý_định', 'đi', 'du_học', 'định_cư', 'nước_ngoài', 'thì', '2', 'loại', 'bằng', 'phổ_biến', 'và', 'thông_dụng', 'là', 'ielts', 'toefl']","['O', 'O', 'O', 'O', 'O', 'O', 'O', 'O', 'O', 'O', 'O', 'O', 'O', 'O', 'O', 'O', 'E-bang_cap', 'E-bang_cap']","[731, 601, 169, 272, 319, 242, 305, 742, 254, 499, 192, 564, 343, 93, 325, 294, 748, 623]","[3, 3, 3, 3, 3, 3, 3, 3, 3, 3, 3, 3, 3, 3, 3, 3, 0, 0]"
156,"['tháng_2', 'công_ty', 'có', 'tuyển', 'nhân_sự', 'không', 'ạ']","['E-thang', 'O', 'O', 'O', 'O', 'O', 'O']","[683, 679, 169, 163, 214, 324, 686]","[1, 3, 3, 3, 3, 3, 3]"
135,"['tháng_4', 'là', 'lời_nói', 'rối', 'của', 'em']","['E-thang', 'O', 'O', 'O', 'O', 'O']","[398, 294, 637, 656, 466, 119]","[1, 3, 3, 3, 3, 3]"
34,"['sv', 'cần', 'đạt', 'chuẩn', 'tiếng', 'anh', 'ielts_từ_6,5', 'trở', 'lên']","['O', 'O', 'O', 'O', 'O', 'O', 'E-bang_cap', 'O', 'O']","[23, 168, 48, 198, 474, 690, 38, 385, 399]","[3, 3, 3, 3, 3, 3, 0, 3, 3]"
318,"['công_ty', 'còn', 'tuyển', 'nhân_viên_bảo_vệ', 'không']","['O', 'O', 'O', 'E-job', 'O']","[679, 680, 163, 462, 324]","[3, 3, 3, 2, 3]"
279,"['tuyển_dụng', 'tester']","['O', 'E-job']","[678, 27]","[3, 2]"
104,"['tiếng', 'nhật', 'mi', 'n4', 'à']","['O', 'O', 'O', 'E-bang_cap', 'O']","[474, 484, 767, 773, 639]","[3, 3, 3, 0, 3]"
69,"['bao_lâu', 'thì', 'có_thể', 'đạt', 'được', 'topik_5']","['O', 'O', 'O', 'O', 'O', 'E-bang_cap']","[718, 254, 620, 48, 351, 529]","[3, 3, 3, 3, 3, 0]"
28,"['toefl', 'quốc_tế', 'bằng', 'này', 'do', 'hệ_thống', 'giáo_dục', 'của', 'mỹ', 'tổ_chức', 'thi', 'và', 'cấp', 'bằng', '.']","['E-bang_cap', 'O', 'O', 'O', 'O', 'O', 'O', 'O', 'O', 'O', 'O', 'O', 'O', 'O', 'O']","[623, 432, 564, 191, 785, 588, 296, 466, 441, 605, 543, 93, 253, 564, 562]","[0, 3, 3, 3, 3, 3, 3, 3, 3, 3, 3, 3, 3, 3, 3]"
332,"['tuyển_dụng', 'việc_làm', 'fresher', 'lương', 'cao']","['O', 'O', 'E-job', 'O', 'O']","[678, 167, 298, 111, 436]","[3, 3, 2, 3, 3]"
325,"['fresher', 'là', 'gì', '?']","['E-job', 'O', 'O', 'O']","[298, 294, 749, 307]","[2, 3, 3, 3]"
215,"['đang', 'code', 'python', 'chuyển', 'sang', 'java', 'thấy', 'tù', 'khinh', 'khủng']","['O', 'O', 'E-ngon_ngu', 'O', 'O', 'E-ngon_ngu', 'O', 'O', 'O', 'O']","[157, 153, 345, 393, 553, 64, 217, 612, 80, 140]","[3, 3, 4, 3, 3, 4, 3, 3, 3, 3]"
112,"['tháng_5', 'tau', 'đi', 'miền', 'nam', 'chơi']","['E-thang', 'O', 'O', 'O', 'O', 'O']","[149, 32, 319, 502, 321, 716]","[1, 3, 3, 3, 3, 3]"
119,"['sao', 'một_tháng', 'mi', 'không', 'đi', 'học']","['O', 'E-thang', 'O', 'O', 'O', 'O']","[411, 0, 767, 324, 319, 82]","[3, 1, 3, 3, 3, 3]"
32,"['thang', 'điểm', 'ielts', 'và', 'cách', 'tính', 'điểm', 'ielts', 'chuẩn', 'nhất']","['O', 'O', 'E-bang_cap', 'O', 'O', 'O', 'O', 'E-bang_cap', 'O', 'O']","[486, 141, 748, 93, 652, 467, 141, 748, 198, 780]","[3, 3, 0, 3, 3, 3, 3, 0, 3, 3]"
218,"['học', 'python', 'đi', 'còn', 'code', 'ai']","['O', 'E-ngon_ngu', 'O', 'O', 'O', 'O']","[82, 345, 319, 680, 153, 1]","[3, 4, 3, 3, 3, 3]"
244,"['sao', 'ngày', 'trước', 'code', 'được', 'pascal', 'nhỉ']","['O', 'O', 'O', 'O', 'O', 'E-ngon_ngu', 'O']","[411, 274, 663, 153, 351, 367, 164]","[3, 3, 3, 3, 3, 4, 3]"
297,"['xem', 'thêm', 'việc_làm', 'tester', 'trên', 'itviec']","['O', 'O', 'O', 'E-job', 'O', 'O']","[638, 271, 167, 27, 178, 503]","[3, 3, 3, 2, 3, 3]"
3,"['tuyển', 'ai', 'cho', 'mảng', 'computer_vision', 'machine_learning', 'deep_learning', 'tối_thiểu', '6-8', 'tháng', 'kinh_nghiệm']","['O', 'E-ngon_ngu', 'O', 'O', 'E-ngon_ngu', 'E-ngon_ngu', 'E-ngon_ngu', 'O', 'O', 'O', 'O']","[163, 1, 95, 240, 650, 726, 402, 124, 786, 596, 521]","[3, 4, 3, 3, 4, 4, 4, 3, 3, 3, 3]"
20,"['kết_quả', 'đánh_giá', 'của', 'toeic', 'được', 'công_nhận', 'rộng_rãi', 'trên', 'khắp', 'thế_giới']","['O', 'O', 'O', 'E-bang_cap', 'O', 'O', 'O', 'O', 'O', 'O']","[257, 643, 466, 190, 351, 670, 720, 178, 607, 159]","[3, 3, 3, 0, 3, 3, 3, 3, 3, 3]"
93,"['tau', 'vẫn', 'cay_cú', 'vụ', 'học', 'hsk', 'ở', 'edutalk']","['O', 'O', 'O', 'O', 'O', 'E-bang_cap', 'O', 'O']","[32, 457, 658, 778, 82, 788, 252, 642]","[3, 3, 3, 3, 3, 0, 3, 3]"
327,"['cách', 'phân_biệt', 'fresher', 'junior', 'và', 'intern']","['O', 'O', 'E-job', 'E-job', 'O', 'E-job']","[652, 549, 298, 92, 93, 673]","[3, 3, 2, 2, 3, 2]"
335,"['tuyển', 'fresher_it', 'làm_việc', 'tại', 'fpt']","['O', 'E-job', 'O', 'O', 'O']","[163, 578, 344, 118, 713]","[3, 2, 3, 3, 3]"
194,"['bên', 'mình', 'đang', 'tuyển', 'nhân_viên', 'code', 'java']","['O', 'O', 'O', 'O', 'O', 'O', 'E-ngon_ngu']","[71, 196, 157, 163, 58, 153, 64]","[3, 3, 3, 3, 3, 3, 4]"
208,"['khóa', 'học', 'java', 'cho', 'người', 'mới', 'bắt_đầu']","['O', 'O', 'E-ngon_ngu', 'O', 'O', 'O', 'O']","[520, 82, 64, 95, 568, 74, 91]","[3, 3, 4, 3, 3, 3, 3]"
289,"['bạn', 'thấy', 'nghề', 'tester', 'có', 'điểm', 'cộng', 'gì']","['O', 'O', 'O', 'E-job', 'O', 'O', 'O', 'O']","[601, 217, 188, 27, 169, 141, 197, 749]","[3, 3, 3, 2, 3, 3, 3, 3]"
18,"['các', 'nước', 'theo', 'hệ_thống', 'giáo_dục', 'của', 'mỹ', 'thường', 'cần', 'đến', 'toefl']","['O', 'O', 'O', 'O', 'O', 'O', 'O', 'O', 'O', 'O', 'E-bang_cap']","[561, 634, 704, 588, 296, 466, 441, 574, 168, 62, 623]","[3, 3, 3, 3, 3, 3, 3, 3, 3, 3, 0]"
269,"['hồi', 'học', 'java', 'tao', 'được', 'miễn', 'thi']","['O', 'O', 'E-ngon_ngu', 'O', 'O', 'O', 'O']","[546, 82, 64, 508, 351, 489, 543]","[3, 3, 4, 3, 3, 3, 3]"
61,"['hsk', 'có', 'thực_sự', 'cần', 'cho', 'du_học', 'trung_quốc']","['E-bang_cap', 'O', 'O', 'O', 'O', 'O', 'O']","[788, 169, 387, 168, 95, 242, 598]","[0, 3, 3, 3, 3, 3, 3]"
219,"['học', 'ai', 'thì', 'học', 'thêm', 'python', 'đi', 'code', 'tiện']","['O', 'O', 'O', 'O', 'O', 'E-ngon_ngu', 'O', 'O', 'O']","[82, 1, 254, 82, 271, 345, 319, 153, 139]","[3, 3, 3, 3, 3, 4, 3, 3, 3]"
339,"['tôi', 'mới', 'được', 'thăng', 'chức', 'từ', 'intern', 'lên', 'fresher']","['O', 'O', 'O', 'O', 'O', 'O', 'O', 'O', 'E-job']","[308, 74, 351, 273, 688, 602, 673, 399, 298]","[3, 3, 3, 3, 3, 3, 3, 3, 2]"
281,"['những', 'điều', 'cần', 'biết', 'về', 'tester']","['O', 'O', 'O', 'O', 'O', 'E-job']","[244, 511, 168, 645, 769, 27]","[3, 3, 3, 3, 3, 2]"
149,"['càn', 'long', 'sinh', 'tháng_2', 'nhé']","['O', 'O', 'O', 'E-thang', 'O']","[684, 552, 798, 683, 448]","[3, 3, 3, 1, 3]"
70,"['samsung', 'tăng', 'lương', 'cho', 'người', 'có', 'topik', 'à']","['O', 'O', 'O', 'O', 'O', 'O', 'E-bang_cap', 'O']","[295, 221, 111, 95, 568, 169, 250, 639]","[3, 3, 3, 3, 3, 3, 0, 3]"
300,"['qa', 'tester', 'là', 'gì']","['O', 'E-job', 'O', 'O']","[65, 27, 294, 749]","[3, 2, 3, 3]"
326,"['những', 'điều', 'cơ_bản', 'bạn', 'cần', 'biết', 'về', 'fresher', '.']","['O', 'O', 'O', 'O', 'O', 'O', 'O', 'E-job', 'O']","[244, 511, 573, 601, 168, 645, 769, 298, 562]","[3, 3, 3, 3, 3, 3, 3, 2, 3]"
333,"['đào_tạo', 'fresher']","['O', 'E-job']","[390, 298]","[3, 2]"
195,"['mình', 'muốn', 'thuê', 'vài', 'bạn', 'code', 'web']","['O', 'O', 'O', 'O', 'O', 'O', 'E-ngon_ngu']","[196, 459, 15, 63, 601, 153, 752]","[3, 3, 3, 3, 3, 3, 4]"
267,"['tôi', 'không', 'biết', 'tí', 'gì', 'về', 'java', 'cả']","['O', 'O', 'O', 'O', 'O', 'O', 'E-ngon_ngu', 'O']","[308, 324, 645, 314, 749, 769, 64, 380]","[3, 3, 3, 3, 3, 3, 4, 3]"
157,"['tháng_năm', 'không', 'trở_lại']","['E-thang', 'O', 'O']","[490, 324, 512]","[1, 3, 3]"
175,"['lan', 'anh', 'sinh', 'tháng_4', 'à']","['O', 'O', 'O', 'E-thang', 'O']","[131, 690, 798, 398, 639]","[3, 3, 3, 1, 3]"
158,"['tháng_cô_hồ', 'là', 'tháng_mấy']","['E-thang', 'O', 'E-thang']","[698, 294, 310]","[1, 3, 1]"
308,"['không', 'bằng', 'cấp', 'có', 'cơ_hội', 'để', 'làm', 'tester', '?']","['O', 'O', 'O', 'O', 'O', 'O', 'O', 'E-job', 'O']","[324, 564, 253, 169, 777, 744, 694, 27, 307]","[3, 3, 3, 3, 3, 3, 3, 2, 3]"
178,"['chắc', 'tháng_1', 'mình', 'mới', 'vào', 'công_ty']","['O', 'E-thang', 'O', 'O', 'O', 'O']","[604, 444, 196, 74, 712, 679]","[3, 1, 3, 3, 3, 3]"
276,"['làm', 'tester', 'có', 'nhiều', 'việc', 'không', '?']","['O', 'E-job', 'O', 'O', 'O', 'O', 'O']","[694, 27, 169, 485, 632, 324, 307]","[3, 2, 3, 3, 3, 3, 3]"
268,"['tại', 'được', 'miễn', 'thi', 'xong', 'giờ', 'không', 'biết', 'code', 'java', 'luôn']","['O', 'O', 'O', 'O', 'O', 'O', 'O', 'O', 'O', 'E-ngon_ngu', 'O']","[118, 351, 489, 543, 97, 262, 324, 645, 153, 64, 547]","[3, 3, 3, 3, 3, 3, 3, 3, 3, 4, 3]"
372,"['việt', 'nam', 'ngày_càng', 'phát_triển', 'thần_kì']","['O', 'O', 'O', 'O', 'O']","[803, 321, 667, 487, 701]","[3, 3, 3, 3, 3]"
322,"['khác_biệt', 'giữa', 'fresher', 'và', 'intern']","['O', 'O', 'E-job', 'O', 'E-job']","[621, 504, 298, 93, 673]","[3, 3, 2, 3, 2]"
189,"['tháng_bảy', 'này', 'đi', 'chùa', 'không']","['E-thang', 'O', 'O', 'O', 'O']","[585, 191, 319, 583, 324]","[1, 3, 3, 3, 3]"
115,"['mi', 'sinh', 'tháng_6', 'à']","['O', 'O', 'E-thang', 'O']","[767, 798, 4, 639]","[3, 3, 1, 3]"
302,"['làm', 'tester', 'cần', 'những', 'gì']","['O', 'E-job', 'O', 'O', 'O']","[694, 27, 168, 244, 749]","[3, 2, 3, 3, 3]"
186,"['suốt', 'một', 'tháng_qua', 'tau', 'chỉ', 'ở', 'nhà']","['O', 'O', 'E-thang', 'O', 'O', 'O', 'O']","[316, 750, 501, 32, 185, 252, 233]","[3, 3, 1, 3, 3, 3, 3]"
241,"['hồi', 'cấp', 'ba', 'tao', 'toàn', 'code', 'bằng', 'c']","['O', 'O', 'O', 'O', 'O', 'O', 'O', 'E-ngon_ngu']","[546, 253, 723, 508, 55, 153, 564, 697]","[3, 3, 3, 3, 3, 3, 3, 4]"
36,"['trước', 'khi', 'đưa', 'ra', 'mức', 'điểm', '530_toeic', 'trường', 'có', 'căn_cứ', 'trên', 'cơ_sở', 'thực_tế', 'kiểm_tra', 'trình_độ', 'người', 'học']","['O', 'O', 'O', 'O', 'O', 'O', 'E-bang_cap', 'O', 'O', 'O', 'O', 'O', 'O', 'O', 'O', 'O', 'O']","[663, 801, 709, 288, 43, 141, 121, 374, 169, 787, 178, 348, 361, 338, 734, 568, 82]","[3, 3, 3, 3, 3, 3, 0, 3, 3, 3, 3, 3, 3, 3, 3, 3, 3]"
334,"['tìm', 'việc_làm', 'fresher_ios']","['O', 'O', 'E-job']","[306, 167, 145]","[3, 3, 2]"
48,"['có', 'được', 'miễn', 'học', 'khi', 'có', 'chứng_chỉ', 'toiec']","['O', 'O', 'O', 'O', 'O', 'O', 'O', 'E-bang_cap']","[169, 351, 489, 82, 801, 169, 471, 388]","[3, 3, 3, 3, 3, 3, 3, 0]"
364,"['cuộc_sống', 'em', 'ổn', 'không', ',', 'cuộc_sống', 'em', 'thế_nào']","['O', 'O', 'O', 'O', 'O', 'O', 'O', 'O']","[67, 119, 514, 324, 287, 67, 119, 518]","[3, 3, 3, 3, 3, 3, 3, 3]"
144,"['ra', 'giêng', 'mình', 'cưới', 'nhau', 'đi']","['O', 'E-thang', 'O', 'O', 'O', 'O']","[288, 359, 196, 245, 475, 319]","[3, 1, 3, 3, 3, 3]"
6,"['xây_dựng', 'thử_nghiệm', 'các', 'model', 'machine_learning', 'deeplearning', 'theo', 'các', 'bài_toán', 'cụ_thể']","['O', 'O', 'O', 'O', 'E-ngon_ngu', 'E-ngon_ngu', 'O', 'O', 'O', 'O']","[721, 269, 561, 286, 726, 483, 704, 561, 88, 94]","[3, 3, 3, 3, 4, 4, 3, 3, 3, 3]"
265,"['tôi', 'chỉ', 'muốn', 'code', 'web', 'thôi']","['O', 'O', 'O', 'O', 'E-ngon_ngu', 'O']","[308, 185, 459, 153, 752, 797]","[3, 3, 3, 3, 4, 3]"
192,"['code', 'java', 'lương', 'như', 'nào']","['O', 'E-ngon_ngu', 'O', 'O', 'O']","[153, 64, 111, 481, 104]","[3, 4, 3, 3, 3]"
105,"['tiếng', 'nhật', 'mi', 'n', 'mấy', 'rồi']","['O', 'O', 'O', 'E-bang_cap', 'O', 'O']","[474, 484, 767, 442, 46, 83]","[3, 3, 3, 0, 3, 3]"
249,"['tao', 'học_thuật_toán', 'nên', 'chỉ', 'biết', 'c_+_+', 'thôi']","['O', 'O', 'O', 'O', 'O', 'E-ngon_ngu', 'O']","[508, 422, 555, 185, 645, 789, 797]","[3, 3, 3, 3, 3, 4, 3]"
260,"['hay', 'tao', 'học', 'php', 'sau', 'đi', 'code', 'web', 'nhỉ']","['O', 'O', 'O', 'E-ngon_ngu', 'O', 'O', 'O', 'E-ngon_ngu', 'O']","[452, 508, 82, 179, 150, 319, 153, 752, 164]","[3, 3, 3, 4, 3, 3, 3, 4, 3]"
313,"['tiềm_năng', 'nghề', 'tester', '2020', '?']","['O', 'O', 'E-job', 'O', 'O']","[759, 188, 27, 155, 307]","[3, 3, 2, 3, 3]"
35,"['ngành', 'ngôn_ngữ', 'anh', 'theo', 'mức', 'điểm', '7,0_ielts', 'trở', 'lên']","['O', 'O', 'O', 'O', 'O', 'O', 'E-bang_cap', 'O', 'O']","[108, 651, 690, 704, 43, 141, 138, 385, 399]","[3, 3, 3, 3, 3, 3, 0, 3, 3]"
348,"['làm', 'thế_nào', 'để', 'các', 'fresher', 'có_thể', 'phát_triển', 'được', 'các', 'kỹ_năng', 'và', 'kiến_thức', 'của', 'mình']","['O', 'O', 'O', 'O', 'E-job', 'O', 'O', 'O', 'O', 'O', 'O', 'O', 'O', 'O']","[694, 518, 744, 561, 298, 620, 487, 351, 561, 300, 93, 317, 466, 196]","[3, 3, 3, 3, 2, 3, 3, 3, 3, 3, 3, 3, 3, 3]"
346,"['một', 'điều', 'quan_trọng', 'nữa', 'mà', 'các', 'fresher', 'nên', 'cố_gắng', 'thực_hiện', 'tốt', 'chính', 'là', 'hoàn_thành', 'công_việc', 'được', 'giao', 'một_cách', 'đúng', 'thời_hạn']","['O', 'O', 'O', 'O', 'O', 'O', 'E-job', 'O', 'O', 'O', 'O', 'O', 'O', 'O', 'O', 'O', 'O', 'O', 'O', 'O']","[750, 511, 430, 640, 722, 561, 298, 555, 478, 193, 235, 415, 294, 66, 433, 351, 10, 540, 56, 563]","[3, 3, 3, 3, 3, 3, 2, 3, 3, 3, 3, 3, 3, 3, 3, 3, 3, 3, 3, 3]"
62,"['bài', 'thi', 'hsk', 'có', 'bao_nhiêu', 'phần']","['O', 'O', 'E-bang_cap', 'O', 'O', 'O']","[447, 543, 788, 169, 461, 735]","[3, 3, 0, 3, 3, 3]"
207,"['chỉ', 'với', '2', 'triệu', 'đồng', 'thành_thạo', 'ngôn_ngữ', 'java']","['O', 'O', 'O', 'O', 'O', 'O', 'O', 'E-ngon_ngu']","[185, 790, 499, 381, 372, 497, 651, 64]","[3, 3, 3, 3, 3, 3, 3, 4]"
40,"['chứng_chỉ', 'tiếng', 'hàn', 'là', 'topik']","['O', 'O', 'O', 'O', 'E-bang_cap']","[471, 474, 400, 294, 250]","[3, 3, 3, 3, 0]"
298,"['lợi_ích', 'của', 'tester', 'trong', 'dự_án']","['O', 'O', 'E-job', 'O', 'O']","[408, 466, 27, 700, 194]","[3, 3, 2, 3, 3]"
162,"['tau', 'mới', 'mua', 'nó', 'tháng_3', 'năm', 'vừa_rồi']","['O', 'O', 'O', 'O', 'E-thang', 'O', 'O']","[32, 74, 112, 500, 414, 41, 671]","[3, 3, 3, 3, 1, 3, 3]"
22,"['toeic', 'có', 'thời_hạn', 'trong', 'vòng', '2', 'năm']","['E-bang_cap', 'O', 'O', 'O', 'O', 'O', 'O']","[190, 169, 563, 700, 488, 499, 41]","[0, 3, 3, 3, 3, 3, 3]"
324,"['chồng', 'mày', 'là', 'coder', 'à']","['O', 'O', 'O', 'E-job', 'O']","[187, 264, 294, 739, 639]","[3, 3, 3, 2, 3]"
342,"['fresher', 'là', 'vị_trí', 'cao', 'hơn', 'intership', 'nhưng', 'thấp', 'hơn', 'junior']","['E-job', 'O', 'O', 'O', 'O', 'E-job', 'O', 'O', 'O', 'E-job']","[298, 294, 711, 436, 40, 78, 147, 747, 40, 92]","[2, 3, 3, 3, 3, 2, 3, 3, 3, 2]"
371,"['năm', '1975', 'việt', 'nam', 'hoàn_toàn', 'độc_lập', 'nhân_dân', 'hai', 'miền', 'hân_hoan']","['O', 'O', 'O', 'O', 'O', 'O', 'O', 'O', 'O', 'O']","[41, 603, 803, 321, 358, 285, 528, 340, 502, 579]","[3, 3, 3, 3, 3, 3, 3, 3, 3, 3]"
76,"['đổi', 'điểm', 'toiec', 'chưa', 'mày', 'ơi']","['O', 'O', 'E-bang_cap', 'O', 'O', 'O']","[347, 141, 388, 42, 264, 68]","[3, 3, 0, 3, 3, 3]"
63,"['bao_nhiêu', 'lâu', 'để', 'đạt', 'được', 'hsk_5']","['O', 'O', 'O', 'O', 'O', 'E-bang_cap']","[461, 120, 744, 48, 351, 349]","[3, 3, 3, 3, 3, 0]"
238,"['giờ', 'vào', 'làm', 'là', 'bị', 'bắt', 'học', 'android', 'đấy']","['O', 'O', 'O', 'O', 'O', 'O', 'O', 'E-ngon_ngu', 'O']","[262, 712, 694, 294, 677, 668, 82, 628, 629]","[3, 3, 3, 3, 3, 3, 3, 4, 3]"
336,"['misa', 'tuyển_dụng', 'fresher']","['O', 'O', 'E-job']","[544, 678, 298]","[3, 3, 2]"
307,"['chưa', 'học', 'lập_trình', 'có', 'học', 'tester', 'được', 'không', '?']","['O', 'O', 'O', 'O', 'O', 'E-job', 'O', 'O', 'O']","[42, 82, 661, 169, 82, 27, 351, 324, 307]","[3, 3, 3, 3, 3, 2, 3, 3, 3]"
151,"['tau', 'vừa', 'thi', 'tháng_trước', 'rồi']","['O', 'O', 'O', 'E-thang', 'O']","[32, 802, 543, 85, 83]","[3, 3, 3, 1, 3]"
263,"['tôi', 'muốn', 'vào', 'mảng', 'nào', 'làm', 'web', 'ý']","['O', 'O', 'O', 'O', 'O', 'O', 'E-ngon_ngu', 'O']","[308, 459, 712, 240, 104, 694, 752, 589]","[3, 3, 3, 3, 3, 3, 4, 3]"
273,"['tester', 'làm', 'những', 'gì', '?']","['E-job', 'O', 'O', 'O', 'O']","[27, 694, 244, 749, 307]","[2, 3, 3, 3, 3]"
183,"['tháng_củ_mật', 'là', 'tháng', 'mấy']","['E-thang', 'O', 'O', 'O']","[536, 294, 596, 46]","[1, 3, 3, 3]"
278,"['tester', 'cần', 'những', 'kĩ_năng', 'gì', '?']","['E-job', 'O', 'O', 'O', 'O', 'O']","[27, 168, 244, 216, 749, 307]","[2, 3, 3, 3, 3, 3]"
264,"['tôi', 'có', 'học', 'code', 'web', 'được', 'không', 'hay', 'phải', 'theo', 'android']","['O', 'O', 'O', 'O', 'E-ngon_ngu', 'O', 'O', 'O', 'O', 'O', 'E-ngon_ngu']","[308, 169, 82, 153, 752, 351, 324, 452, 161, 704, 628]","[3, 3, 3, 3, 4, 3, 3, 3, 3, 3, 4]"
355,"['hiện_tại', 'công_ty', 'mình', 'cần', 'các', 'bạn', 'chuyên', 'về', 'web']","['O', 'O', 'O', 'O', 'O', 'O', 'O', 'O', 'E-job']","[391, 679, 196, 168, 561, 601, 625, 769, 752]","[3, 3, 3, 3, 3, 3, 3, 3, 2]"
90,"['thầy', 'nam', 'đi', 'du_học', 'có', '650_toeic', 'thôi']","['O', 'O', 'O', 'O', 'O', 'E-bang_cap', 'O']","[523, 321, 319, 242, 169, 81, 797]","[3, 3, 3, 3, 3, 0, 3]"
184,"['tháng_năm', 'là', 'may']","['E-thang', 'O', 'O']","[490, 294, 649]","[1, 3, 3]"
361,"['tau', 'cũng', 'không', 'biết', 'sống', 'sao', 'cho', 'vừa_lòng', 'thiên_hạ']","['O', 'O', 'O', 'O', 'O', 'O', 'O', 'O', 'O']","[32, 687, 324, 645, 123, 411, 95, 363, 365]","[3, 3, 3, 3, 3, 3, 3, 3, 3]"
75,"['450_toiec', 'có', 'đổi', 'ra', 'được', 'a', '+', 'không']","['E-bang_cap', 'O', 'O', 'O', 'O', 'O', 'O', 'O']","[389, 169, 347, 288, 351, 641, 392, 324]","[0, 3, 3, 3, 3, 3, 3, 3]"
143,"['tháng_này', 'chưa', 'kịp', 'làm', 'gì', 'đã', 'hết', 'tháng']","['E-thang', 'O', 'O', 'O', 'O', 'O', 'O', 'O']","[218, 42, 86, 694, 749, 617, 49, 596]","[1, 3, 3, 3, 3, 3, 3, 3]"
234,"['tôi', 'thích', 'code', 'c_+_+', 'thôi']","['O', 'O', 'O', 'E-ngon_ngu', 'O']","[308, 708, 153, 789, 797]","[3, 3, 3, 4, 3]"
145,"['tháng_mười', 'hai', 'cưới', 'à']","['E-thang', 'O', 'O', 'O']","[207, 340, 245, 639]","[1, 3, 3, 3]"
154,"['còn', 'vài', 'ngày', 'nữa', 'là', 'rằm', 'tháng_8']","['O', 'O', 'O', 'O', 'O', 'O', 'E-thang']","[680, 63, 274, 640, 294, 491, 473]","[3, 3, 3, 3, 3, 3, 1]"
351,"['phân_biệt', 'sự', 'khác', 'nhau', 'giữa', 'streamer', 'và', 'youtuber']","['O', 'O', 'O', 'O', 'O', 'E-job', 'O', 'E-job']","[549, 464, 784, 475, 504, 127, 93, 219]","[3, 3, 3, 3, 3, 2, 3, 2]"
331,"['kiến_thức', 'cần', 'biết', 'về', 'fresher']","['O', 'O', 'O', 'O', 'E-job']","[317, 168, 645, 769, 298]","[3, 3, 3, 3, 2]"
37,"['hsk', 'là', 'chứng_chỉ', 'ngoại_ngữ', 'tiếng', 'trung']","['E-bang_cap', 'O', 'O', 'O', 'O', 'O']","[788, 294, 471, 418, 474, 498]","[0, 3, 3, 3, 3, 3]"
167,"['từ', 'tháng_5', 'nước', 'ta', 'đổi', 'tên', 'là', 'đại', 'ngu']","['O', 'E-thang', 'O', 'O', 'O', 'O', 'O', 'O', 'O']","[602, 149, 634, 805, 347, 223, 294, 160, 630]","[3, 1, 3, 3, 3, 3, 3, 3, 3]"
210,"['tuyển', 'lập_trình_viên', 'python', 'lương', 'upto', '2000', '$', 'không', 'yêu_cầu', 'kinh_nghiệm']","['O', 'O', 'E-ngon_ngu', 'O', 'O', 'O', 'O', 'O', 'O', 'O']","[163, 531, 345, 111, 707, 175, 775, 324, 660, 521]","[3, 3, 4, 3, 3, 3, 3, 3, 3, 3]"
373,"['nếu', 'mai', 'này', 'chúng_ta', 'già', 'lala']","['O', 'O', 'O', 'O', 'O', 'O']","[731, 729, 191, 740, 635, 69]","[3, 3, 3, 3, 3, 3]"
150,"['tháng_sau', 'lớp', 'tiếng', 'anh', 'khai_giảng', 'nhé']","['E-thang', 'O', 'O', 'O', 'O', 'O']","[458, 251, 474, 690, 647, 448]","[1, 3, 3, 3, 3, 3]"
52,"['học', 'topik', 'ở', 'trần', 'minh', 'hưng', 'được', 'không']","['O', 'E-bang_cap', 'O', 'O', 'O', 'O', 'O', 'O']","[82, 250, 252, 170, 100, 592, 351, 324]","[3, 0, 3, 3, 3, 3, 3, 3]"
252,"['đồ_án', 'là', 'phải', 'làm', 'ứng_dụng', 'android', 'đấy']","['O', 'O', 'O', 'O', 'O', 'E-ngon_ngu', 'O']","[21, 294, 161, 694, 567, 628, 629]","[3, 3, 3, 3, 3, 4, 3]"
185,"['việt', 'và', 'hải', 'đã', 'khai', 'một', 'tháng_qua', 'đã', 'gây_án', 'liên_tiếp', 'tại', 'hải_phòng']","['O', 'O', 'O', 'O', 'O', 'O', 'E-thang', 'O', 'O', 'O', 'O', 'O']","[803, 93, 51, 617, 615, 750, 501, 617, 336, 793, 118, 209]","[3, 3, 3, 3, 3, 3, 1, 3, 3, 3, 3, 3]"
266,"['tao', 'ngu', 'code', 'java', 'lắm']","['O', 'O', 'O', 'E-ngon_ngu', 'O']","[508, 630, 153, 64, 378]","[3, 3, 3, 4, 3]"
123,"['tháng_tư', 'loa_kèn', 'mỏng_manh', 'những', 'góc_phố', 'con', 'đường', 'quen']","['E-thang', 'O', 'O', 'O', 'O', 'O', 'O', 'O']","[370, 395, 644, 244, 672, 460, 171, 575]","[1, 3, 3, 3, 3, 3, 3, 3]"
220,"['công_ty', 'mình', 'còn', 'tuyển', 'dev', 'java', 'không']","['O', 'O', 'O', 'O', 'O', 'E-ngon_ngu', 'O']","[679, 196, 680, 163, 792, 64, 324]","[3, 3, 3, 3, 3, 4, 3]"
291,"['thử_thách', 'của', 'nghề', 'tester', 'mà', 'ai', 'cũng', 'phải', 'trải', 'qua']","['O', 'O', 'O', 'E-job', 'O', 'O', 'O', 'O', 'O', 'O']","[382, 466, 188, 27, 722, 1, 687, 161, 268, 200]","[3, 3, 3, 2, 3, 3, 3, 3, 3, 3]"
91,"['biết', 'thế', 'hồi', 'năm', 'nhất', 'tau', 'thi', 'mẹ', 'toiec', 'cho', 'rồi']","['O', 'O', 'O', 'O', 'O', 'O', 'O', 'O', 'E-bang_cap', 'O', 'O']","[645, 706, 546, 41, 780, 32, 543, 587, 388, 95, 83]","[3, 3, 3, 3, 3, 3, 3, 3, 0, 3, 3]"
87,"['bọn', 'sinh_viên', 'ngoại_ngữ', 'toàn', 'ielts_7', 'chấm']","['O', 'O', 'O', 'O', 'E-bang_cap', 'O']","[659, 770, 418, 55, 248, 434]","[3, 3, 3, 3, 0, 3]"
27,"['bài', 'thi', 'toefl', 'kéo_dài', 'trong', '4', 'giờ', 'và', 'gồm', 'có', '4', 'phần']","['O', 'O', 'E-bang_cap', 'O', 'O', 'O', 'O', 'O', 'O', 'O', 'O', 'O']","[447, 543, 623, 405, 700, 539, 262, 93, 199, 169, 539, 735]","[3, 3, 0, 3, 3, 3, 3, 3, 3, 3, 3, 3]"
21,"['toeic', 'bắt_đầu', 'được', 'tổ_chức', 'thi', 'từ', 'năm', '2001', 'thông_qua', 'đại_diện', 'là', 'toeic', 'việt', 'nam', '(', 'iig', ')']","['E-bang_cap', 'O', 'O', 'O', 'O', 'O', 'O', 'O', 'O', 'O', 'O', 'O', 'O', 'O', 'O', 'O', 'O']","[190, 91, 351, 605, 543, 602, 41, 35, 795, 732, 294, 190, 803, 321, 17, 125, 606]","[0, 3, 3, 3, 3, 3, 3, 3, 3, 3, 3, 3, 3, 3, 3, 3, 3]"
110,"['tháng_mấy', 'được', 'nghỉ_hè']","['E-thang', 'O', 'O']","[310, 351, 330]","[1, 3, 3]"
217,"['code', 'python', 'lương', 'cao', 'vãi']","['O', 'E-ngon_ngu', 'O', 'O', 'O']","[153, 345, 111, 436, 13]","[3, 4, 3, 3, 3]"
247,"['năm', 'nhất', 'phải', 'học', 'c', 'mà']","['O', 'O', 'O', 'O', 'E-ngon_ngu', 'O']","[41, 780, 161, 82, 697, 722]","[3, 3, 3, 3, 4, 3]"
212,"['học', 'python', 'cho', 'tiện']","['O', 'E-ngon_ngu', 'O', 'O']","[82, 345, 95, 139]","[3, 4, 3, 3]"
280,"['tester', 'lương', 'bao_nhiêu', '?']","['E-job', 'O', 'O', 'O']","[27, 111, 461, 307]","[2, 3, 3, 3]"
230,"['nếu', 'bắt', 'code', 'android', 'thì', 'bỏ', 'làm']","['O', 'O', 'O', 'E-ngon_ngu', 'O', 'O', 'O']","[731, 668, 153, 628, 254, 761, 694]","[3, 3, 3, 4, 3, 3, 3]"
224,"['tao', 'muốn', 'học', 'python', 'để', 'học', 'ai', 'cho', 'tiện']","['O', 'O', 'O', 'E-ngon_ngu', 'O', 'O', 'O', 'O', 'O']","[508, 459, 82, 345, 744, 82, 1, 95, 139]","[3, 3, 3, 4, 3, 3, 3, 3, 3]"
347,"['các', 'fresher', 'cũng', 'nên', 'tham_gia', 'vào', 'các', 'hoạt_động', 'của', 'công_ty', 'hoặc', 'năng_động', 'hơn', 'trong', 'các', 'buổi', 'gặp_gỡ', 'các', 'thành_viên', 'trong', 'công_ty']","['O', 'E-job', 'O', 'O', 'O', 'O', 'O', 'O', 'O', 'O', 'O', 'O', 'O', 'O', 'O', 'O', 'O', 'O', 'O', 'O', 'O']","[561, 298, 687, 555, 655, 712, 561, 59, 466, 679, 204, 166, 40, 700, 561, 439, 776, 561, 228, 700, 679]","[3, 2, 3, 3, 3, 3, 3, 3, 3, 3, 3, 3, 3, 3, 3, 3, 3, 3, 3, 3, 3]"
365,"['yêu', 'không', 'yêu', 'xin', 'nói', 'một', 'câu']","['O', 'O', 'O', 'O', 'O', 'O', 'O']","[364, 324, 364, 20, 692, 750, 627]","[3, 3, 3, 3, 3, 3, 3]"
174,"['nước', 'việt', 'nam', 'dân_chủ', 'cộng', 'hòa', 'từ', 'sau', 'ngày', '2-9-1945', 'đến', 'trước', 'ngày', '19-12-1946']","['O', 'O', 'O', 'O', 'O', 'O', 'O', 'O', 'O', 'E-thang', 'O', 'O', 'O', 'E-thang']","[634, 803, 321, 133, 197, 772, 602, 150, 274, 227, 62, 663, 274, 259]","[3, 3, 3, 3, 3, 3, 3, 3, 3, 1, 3, 3, 3, 1]"
100,"['mi', 'chỉ', 'tau', 'mấy', 'chỗ', 'mi', 'học', 'hsk', 'đi']","['O', 'O', 'O', 'O', 'O', 'O', 'O', 'E-bang_cap', 'O']","[767, 185, 32, 46, 318, 767, 82, 788, 319]","[3, 3, 3, 3, 3, 3, 3, 0, 3]"
176,"['tháng_tư', 'này', 'có', 'sinh_nhật', 'bạn', 'hòa', 'và', 'bạn', 'lan', 'anh']","['E-thang', 'O', 'O', 'O', 'O', 'O', 'O', 'O', 'O', 'O']","[370, 191, 169, 255, 601, 772, 93, 601, 131, 690]","[1, 3, 3, 3, 3, 3, 3, 3, 3, 3]"
180,"['tháng_11', 'và', 'tháng_12', 'tau', 'đi', 'thực_tập', 'viettel', 'đã']","['E-thang', 'O', 'E-thang', 'O', 'O', 'O', 'O', 'O']","[184, 93, 177, 32, 319, 403, 386, 617]","[1, 3, 1, 3, 3, 3, 3, 3]"
94,"['tau', 'vừa', 'đăng_kí', 'lớp', 'tiếng', 'hàn', 'topik_4', 'ở', 'chỗ', 'chị', 'thảo', 'mi', 'à']","['O', 'O', 'O', 'O', 'O', 'O', 'E-bang_cap', 'O', 'O', 'O', 'O', 'O', 'O']","[32, 802, 239, 251, 474, 400, 201, 252, 318, 206, 426, 767, 639]","[3, 3, 3, 3, 3, 3, 0, 3, 3, 3, 3, 3, 3]"
292,"['khi', 'đã', 'định_hướng', 'trở_thành', 'tester', 'thì', 'các', 'bạn', 'sẽ', 'có', 'những', 'bước', 'thằng', 'tiến', 'nào', 'tiếp_theo']","['O', 'O', 'O', 'O', 'E-job', 'O', 'O', 'O', 'O', 'O', 'O', 'O', 'O', 'O', 'O', 'O']","[801, 617, 115, 438, 27, 254, 561, 601, 719, 169, 244, 808, 631, 176, 104, 548]","[3, 3, 3, 3, 2, 3, 3, 3, 3, 3, 3, 3, 3, 3, 3, 3]"
262,"['tôi', 'có', 'hai', 'năm', 'kinh_nghiệm', 'code', 'web', 'bằng', 'php']","['O', 'O', 'O', 'O', 'O', 'O', 'E-ngon_ngu', 'O', 'E-ngon_ngu']","[308, 169, 340, 41, 521, 153, 752, 564, 179]","[3, 3, 3, 3, 3, 3, 4, 3, 4]"
65,"['chứng_chỉ_ngoại_ngữ', 'nào', 'cần', 'cho', 'du_học', 'pháp']","['E-bang_cap', 'O', 'O', 'O', 'O', 'O']","[215, 104, 168, 95, 242, 129]","[0, 3, 3, 3, 3, 3]"
23,"['toeic', 'dành', 'cho', 'mọi', 'đối_tượng']","['E-bang_cap', 'O', 'O', 'O', 'O']","[190, 705, 95, 449, 332]","[0, 3, 3, 3, 3]"
53,"['trung_tâm', 'ielts', 'nào', 'tốt', 'nhất']","['O', 'E-bang_cap', 'O', 'O', 'O']","[476, 748, 104, 235, 780]","[3, 0, 3, 3, 3]"
226,"['ruby', 'là', 'ngôn_ngữ', 'khỉ', 'gì']","['E-ngon_ngu', 'O', 'O', 'O', 'O']","[230, 294, 651, 662, 749]","[4, 3, 3, 3, 3]"
209,"['khai_giảng', 'khóa', 'học', 'java', 'chỉ', 'với', '2', 'triệu', 'đồng', 'cho', 'người', 'mới', 'bắt_đầu']","['O', 'O', 'O', 'E-ngon_ngu', 'O', 'O', 'O', 'O', 'O', 'O', 'O', 'O', 'O']","[647, 520, 82, 64, 185, 790, 499, 381, 372, 95, 568, 74, 91]","[3, 3, 3, 4, 3, 3, 3, 3, 3, 3, 3, 3, 3]"
277,"['muốn', 'làm', 'tester', 'thì', 'cần', 'học', 'những', 'gì', '?']","['O', 'O', 'E-job', 'O', 'O', 'O', 'O', 'O', 'O']","[459, 694, 27, 254, 168, 82, 244, 749, 307]","[3, 3, 2, 3, 3, 3, 3, 3, 3]"
182,"['bầu_cử', 'tổng_thống', 'mỹ', 'tháng_này', 'à']","['O', 'O', 'O', 'E-thang', 'O']","[346, 470, 441, 218, 639]","[3, 3, 3, 1, 3]"
304,"['những', 'hiếu', 'biết', 'cần_thiết', 'về', 'nghề', 'tester']","['O', 'O', 'O', 'O', 'O', 'O', 'E-job']","[244, 416, 645, 783, 769, 188, 27]","[3, 3, 3, 3, 3, 3, 2]"
257,"['mày', 'tự', 'học', 'python', 'à']","['O', 'O', 'O', 'E-ngon_ngu', 'O']","[264, 557, 82, 345, 639]","[3, 3, 3, 4, 3]"
321,"['thực_tập_sinh_ai', 'có', 'tuyển', 'không', 'ạ']","['E-job', 'O', 'O', 'O', 'O']","[73, 169, 163, 324, 686]","[2, 3, 3, 3, 3]"
33,"['học', 'ielts', 'ngay', 'để', 'săn', 'học_bổng', 'bởi', 'tiêu_chuẩn', 'hồ_sơ', 'du_học', 'phải', 'có', 'chứng_chỉ', 'ít_nhất', '5.0_-_6.5_ielts', '.']","['O', 'E-bang_cap', 'O', 'O', 'O', 'O', 'O', 'O', 'O', 'O', 'O', 'O', 'O', 'O', 'E-bang_cap', 'O']","[82, 748, 542, 744, 401, 407, 609, 37, 101, 242, 161, 169, 471, 570, 527, 562]","[3, 0, 3, 3, 3, 3, 3, 3, 3, 3, 3, 3, 3, 3, 0, 3]"
51,"['nên', 'học', 'toiec', 'ở', 'nơi', 'nào']","['O', 'O', 'E-bang_cap', 'O', 'O', 'O']","[555, 82, 388, 252, 696, 104]","[3, 3, 0, 3, 3, 3]"
193,"['bên', 'mình', 'cần', 'tuyển', 'thực_tập_sinh', 'java']","['O', 'O', 'O', 'O', 'O', 'E-ngon_ngu']","[71, 196, 168, 163, 691, 64]","[3, 3, 3, 3, 3, 4]"
54,"['các', 'top', 'trung_tâm', 'ielts', 'trên', 'hà_nội', 'nào', 'nổi_tiếng']","['O', 'O', 'O', 'E-bang_cap', 'O', 'O', 'O', 'O']","[561, 327, 476, 748, 178, 618, 104, 352]","[3, 3, 3, 0, 3, 3, 3, 3]"
57,"['một', 'khóa', 'học', 'hsk', 'tầm', 'bao_nhiêu', 'tiền']","['O', 'O', 'O', 'E-bang_cap', 'O', 'O', 'O']","[750, 520, 82, 788, 417, 461, 424]","[3, 3, 3, 0, 3, 3, 3]"
316,"['thiết_kế_đồ_họa', 'công_ty', 'có', 'job', 'không', 'ạ']","['E-job', 'O', 'O', 'O', 'O', 'O']","[26, 679, 169, 208, 324, 686]","[2, 3, 3, 3, 3, 3]"
81,"['bên', 'viettel', 'yêu_cầu', 'tối_thiểu', 'toeic_450', 'đó']","['O', 'O', 'O', 'O', 'E-bang_cap', 'O']","[71, 386, 660, 124, 545, 524]","[3, 3, 3, 3, 0, 3]"
134,"['tháng_tư', 'là', 'lời_nói', 'rối', 'của', 'em']","['E-thang', 'O', 'O', 'O', 'O', 'O']","[370, 294, 637, 656, 466, 119]","[1, 3, 3, 3, 3, 3]"
26,"['ielts', 'cũng', 'sẽ', 'có', 'hiệu_lực', 'trong', 'vòng', '2', 'năm', '.']","['E-bang_cap', 'O', 'O', 'O', 'O', 'O', 'O', 'O', 'O', 'O']","[748, 687, 719, 169, 337, 700, 488, 499, 41, 562]","[0, 3, 3, 3, 3, 3, 3, 3, 3, 3]"
366,"['hay', 'là', 'mình', 'cứ', 'bất_chấp', 'hết', 'yêu', 'nhau', 'đi', 'anh']","['O', 'O', 'O', 'O', 'O', 'O', 'O', 'O', 'O', 'O']","[452, 294, 196, 674, 284, 49, 364, 475, 319, 690]","[3, 3, 3, 3, 3, 3, 3, 3, 3, 3]"
120,"['tháng_giêng', 'hoa_đào', 'bừng', 'nở', 'đón', 'xuân', 'khoe', 'sắc', 'hồng', 'tươi']","['E-thang', 'O', 'O', 'O', 'O', 'O', 'O', 'O', 'O', 'O']","[703, 613, 236, 737, 105, 779, 89, 420, 577, 320]","[1, 3, 3, 3, 3, 3, 3, 3, 3, 3]"
271,"['đang', 'có', 'khóa', 'học', 'java', 'hay', 'này']","['O', 'O', 'O', 'O', 'E-ngon_ngu', 'O', 'O']","[157, 169, 520, 82, 64, 452, 191]","[3, 3, 3, 3, 4, 3, 3]"
49,"['hàng', 'tháng', 'được', 'thêm', 'lương', 'khi', 'có', 'topik', 'mấy']","['O', 'O', 'O', 'O', 'O', 'O', 'O', 'E-bang_cap', 'O']","[477, 596, 351, 271, 111, 801, 169, 250, 46]","[3, 3, 3, 3, 3, 3, 3, 0, 3]"
50,"['học', 'toiec', 'ở', 'đâu']","['O', 'E-bang_cap', 'O', 'O']","[82, 388, 252, 715]","[3, 0, 3, 3]"
330,"['fresher', 'thì', 'cần', 'học', 'gì']","['E-job', 'O', 'O', 'O', 'O']","[298, 254, 168, 82, 749]","[2, 3, 3, 3, 3]"
41,"['chứng_chỉ', 'ngôn_ngữ', 'phổ_biến', 'hsk', 'topik', 'toiec']","['O', 'O', 'O', 'E-bang_cap', 'E-bang_cap', 'E-bang_cap']","[471, 651, 343, 788, 250, 388]","[3, 3, 3, 0, 0, 0]"
5,"['viettel', 'cyberspace', 'center', 'đang', 'thực_hiện', 'các', 'dự_án', 'lớn', 'về', 'dpi', 'bigdata', 'ai', 'data_mining', '.']","['O', 'O', 'O', 'O', 'O', 'O', 'O', 'O', 'O', 'O', 'E-ngon_ngu', 'E-ngon_ngu', 'E-ngon_ngu', 'O']","[386, 522, 394, 157, 193, 561, 194, 572, 769, 517, 425, 1, 246, 562]","[3, 3, 3, 3, 3, 3, 3, 3, 3, 3, 4, 4, 4, 3]"
146,"['sao', 'không', 'cưới', 'vào', 'tháng_bảy']","['O', 'O', 'O', 'O', 'E-thang']","[411, 324, 245, 712, 585]","[3, 3, 3, 3, 1]"
368,"['phong_ba', 'bão_táp', 'không', 'bằng', 'ngữ_pháp', 'việt', 'nam']","['O', 'O', 'O', 'O', 'O', 'O', 'O']","[45, 538, 324, 564, 646, 803, 321]","[3, 3, 3, 3, 3, 3, 3]"
283,"['kĩ_năng', 'để', 'trở_thành', 'tester', 'giỏi']","['O', 'O', 'O', 'E-job', 'O']","[216, 744, 438, 27, 134]","[3, 3, 3, 2, 3]"
152,"['tháng_8', 'trăng_tròn']","['E-thang', 'O']","[473, 258]","[1, 3]"
358,"['chuyển', 'qua', 'bên', 'kia', 'rồi', 'à']","['O', 'O', 'O', 'O', 'O', 'O']","[393, 200, 71, 710, 83, 639]","[3, 3, 3, 3, 3, 3]"
79,"['học', 'ielts', 'sau', 'còn', 'xin', 'đi', 'du_học']","['O', 'E-bang_cap', 'O', 'O', 'O', 'O', 'O']","[82, 748, 150, 680, 20, 319, 242]","[3, 0, 3, 3, 3, 3, 3]"
46,"['topik', 'có', 'bao_nhiêu', 'phần', 'thi']","['E-bang_cap', 'O', 'O', 'O', 'O']","[250, 169, 461, 735, 543]","[0, 3, 3, 3, 3]"
187,"['suốt', 'tháng_ba', 'tau', 'cố_gắng', 'cày', 'tiếng', 'anh']","['O', 'E-thang', 'O', 'O', 'O', 'O', 'O']","[316, 506, 32, 478, 132, 474, 690]","[3, 1, 3, 3, 3, 3, 3]"
284,"['những', 'cơ_hội', 'nghề_nghiệp', 'của', 'tester']","['O', 'O', 'O', 'O', 'E-job']","[244, 777, 782, 466, 27]","[3, 3, 3, 3, 2]"
127,"['trở', 'về', 'tuổi_thơ', 'hoa', 'soan', 'tháng_tám']","['O', 'O', 'O', 'O', 'O', 'E-thang']","[385, 769, 685, 326, 608, 590]","[3, 3, 3, 3, 3, 1]"
78,"['tau', 'với', 'mi', 'đi', 'học', 'ielts', 'đi']","['O', 'O', 'O', 'O', 'O', 'E-bang_cap', 'O']","[32, 790, 767, 319, 82, 748, 319]","[3, 3, 3, 3, 3, 0, 3]"
147,"['tháng_bảy', 'toàn', 'mưa', 'không', 'à']","['E-thang', 'O', 'O', 'O', 'O']","[585, 55, 675, 324, 639]","[1, 3, 3, 3, 3]"
124,"['mùa', 'hoa', 'tháng_năm', 'cháy_rực', 'phượng', 'đỏ']","['O', 'O', 'E-thang', 'O', 'O', 'O']","[339, 326, 490, 356, 733, 584]","[3, 3, 1, 3, 3, 3]"
309,"['muốn', 'làm', 'tester', 'thì', 'nên', 'bắt_đầu', 'như', 'nào', '?']","['O', 'O', 'E-job', 'O', 'O', 'O', 'O', 'O', 'O']","[459, 694, 27, 254, 555, 91, 481, 104, 307]","[3, 3, 2, 3, 3, 3, 3, 3, 3]"
272,"['tester', 'là', 'gì', '?']","['E-job', 'O', 'O', 'O']","[27, 294, 749, 307]","[2, 3, 3, 3]"
338,"['fresher', 'phải', 'làm', 'gì', 'để', 'hoàn_thiện', 'bản_thân']","['E-job', 'O', 'O', 'O', 'O', 'O', 'O']","[298, 161, 694, 749, 744, 760, 665]","[2, 3, 3, 3, 3, 3, 3]"
319,"['công_ty', 'còn', 'tuyển', 'phục_vụ_căng_tin', 'không']","['O', 'O', 'O', 'E-job', 'O']","[679, 680, 163, 406, 324]","[3, 3, 3, 2, 3]"
101,"['ưu_tiên', 'có', 'chứng_chỉnh', 'toiec', 'toefl', 'ielts', 'hoặc', 'liên_quan']","['O', 'O', 'O', 'E-bang_cap', 'E-bang_cap', 'E-bang_cap', 'O', 'O']","[293, 169, 24, 388, 623, 748, 204, 76]","[3, 3, 3, 0, 0, 0, 3, 3]"
141,"['tháng_hai', 'có', '29', 'ngày']","['E-thang', 'O', 'O', 'O']","[768, 169, 225, 274]","[1, 3, 3, 3]"
2,"['trong', 'khi', 'các', 'bạn', 'tiếp_tục', 'trao', 'dồi', 'kiến_thức', 'và', 'luyện', 'ielts']","['O', 'O', 'O', 'O', 'O', 'O', 'O', 'O', 'O', 'O', 'E-bang_cap']","[700, 801, 561, 601, 172, 519, 148, 317, 93, 195, 748]","[3, 3, 3, 3, 3, 3, 3, 3, 3, 3, 0]"
239,"['vào', 'đây', 'chỉ', 'code', 'android', 'thôi']","['O', 'O', 'O', 'O', 'E-ngon_ngu', 'O']","[712, 682, 185, 153, 628, 797]","[3, 3, 3, 3, 4, 3]"
142,"['tháng_12', 'nhanh', 'vãi', 'ra']","['E-thang', 'O', 'O', 'O']","[177, 429, 13, 288]","[1, 3, 3, 3]"
242,"['ngày_xưa', 'toàn', 'học', 'pascal']","['O', 'O', 'O', 'O']","[109, 55, 82, 367]","[3, 3, 3, 3]"
73,"['các', 'chứng_chỉ_ngoại_ngữ', '(', 'nếu', 'có', ')', ':', 'chứng_chỉ_hsk', 'ielts', 'toefl']","['O', 'E-bang_cap', 'O', 'O', 'O', 'O', 'O', 'E-bang_cap', 'E-bang_cap', 'E-bang_cap']","[561, 215, 17, 731, 169, 606, 535, 600, 748, 623]","[3, 0, 3, 3, 3, 3, 3, 0, 0, 0]"
39,"['hsk', 'học', 'có', 'khó', 'không']","['E-bang_cap', 'O', 'O', 'O', 'O']","[788, 82, 169, 446, 324]","[0, 3, 3, 3, 3]"
42,"['samsung', 'có', 'ưu_tiên', 'sinh_viên', 'có', 'chứng_chỉ', 'topik', 'không']","['O', 'O', 'O', 'O', 'O', 'O', 'E-bang_cap', 'O']","[295, 169, 293, 770, 169, 471, 250, 324]","[3, 3, 3, 3, 3, 3, 0, 3]"
337,"['chương_trình', 'đào_tạo', '1000', 'fresher']","['O', 'O', 'O', 'E-job']","[84, 390, 211, 298]","[3, 3, 3, 2]"
172,"['liên_hợp', 'quốc', 'được', 'thành_lập', '24_tháng_10_1945']","['O', 'O', 'O', 'O', 'E-thang']","[90, 771, 351, 741, 440]","[3, 3, 3, 3, 1]"
148,"['ngưu', 'lang', 'chúc', 'nữ', 'gặp', 'nhau', 'ngày', 'mùng_7_tháng_7']","['O', 'O', 'O', 'O', 'O', 'O', 'O', 'E-thang']","[98, 137, 431, 25, 312, 475, 274, 611]","[3, 3, 3, 3, 3, 3, 3, 1]"
258,"['tao', 'muốn', 'tự', 'học', 'web']","['O', 'O', 'O', 'O', 'E-ngon_ngu']","[508, 459, 557, 82, 752]","[3, 3, 3, 3, 4]"
356,"['bên', 'kia', 'công_ty', 'có', 'tuyển', 'vị_trí', 'nào', 'không', '?']","['O', 'O', 'O', 'O', 'O', 'O', 'O', 'O', 'O']","[71, 710, 679, 169, 163, 711, 104, 324, 307]","[3, 3, 3, 3, 3, 3, 3, 3, 3]"
305,"['học', 'tester', 'có', 'khó', 'không', '.']","['O', 'E-job', 'O', 'O', 'O', 'O']","[82, 27, 169, 446, 324, 562]","[3, 2, 3, 3, 3, 3]"
191,"['làm', 'java', 'lương', 'bao_nhiêu']","['O', 'E-ngon_ngu', 'O', 'O']","[694, 64, 111, 461]","[3, 4, 3, 3]"
188,"['không', 'biết', 'sống', 'sao', 'qua', 'tháng_bảy', 'này']","['O', 'O', 'O', 'O', 'O', 'E-thang', 'O']","[324, 645, 123, 411, 200, 585, 191]","[3, 3, 3, 3, 3, 1, 3]"
99,"['mi', 'chỉ', 'tau', 'chỗ', 'học', 'toiec', 'đi']","['O', 'O', 'O', 'O', 'O', 'E-bang_cap', 'O']","[767, 185, 32, 318, 82, 388, 319]","[3, 3, 3, 3, 3, 0, 3]"
206,"['trung_tâm', 'mở', 'khóa', 'học', 'web', 'cho', 'bạn', 'mới', 'bắt_đầu']","['O', 'O', 'O', 'O', 'E-ngon_ngu', 'O', 'O', 'O', 'O']","[476, 532, 520, 82, 752, 95, 601, 74, 91]","[3, 3, 3, 3, 4, 3, 3, 3, 3]"
169,"['12/10/1998', 'là', 'sinh_nhật', 'tau', 'nhé']","['E-thang', 'O', 'O', 'O', 'O']","[794, 294, 255, 32, 448]","[1, 3, 3, 3, 3]"
196,"['mình', 'cần', 'thuê', 'code', 'web']","['O', 'O', 'O', 'O', 'E-ngon_ngu']","[196, 168, 15, 153, 752]","[3, 3, 3, 3, 4]"
288,"['vì', 'sao', 'bạn', 'chọn', 'trở_thành', 'tester']","['O', 'O', 'O', 'O', 'O', 'E-job']","[505, 411, 601, 315, 438, 27]","[3, 3, 3, 3, 3, 2]"
340,"['fresher', 'về', 'trình_độ', 'chuyên_môn', 'và', 'lương', 'đều', 'thấp', 'hơn', 'junior']","['E-job', 'O', 'O', 'O', 'O', 'O', 'O', 'O', 'O', 'E-job']","[298, 769, 734, 182, 93, 111, 796, 747, 40, 92]","[2, 3, 3, 3, 3, 3, 3, 3, 3, 2]"
109,"['tháng_một', 'trong', 'tiếng', 'anh', 'là', 'gì']","['E-thang', 'O', 'O', 'O', 'O', 'O']","[622, 700, 474, 690, 294, 749]","[1, 3, 3, 3, 3, 3]"
213,"['python', 'có', 'nhiều', 'thư_viện', 'hỗ_trợ']","['E-ngon_ngu', 'O', 'O', 'O', 'O']","[345, 169, 485, 234, 362]","[4, 3, 3, 3, 3]"
168,"['bác', 'hồ', 'đọc', 'bản', 'tuyên_ngôn', 'độc_lập', 'ngày', 'mùng_2_tháng_chín']","['O', 'O', 'O', 'O', 'O', 'O', 'O', 'E-thang']","[599, 482, 102, 14, 350, 285, 274, 279]","[3, 3, 3, 3, 3, 3, 3, 1]"
294,"['làm', 'tester', 'cần', 'tham_khảo', 'những', 'quyển', 'sách', '/', 'resources', 'nào', '?']","['O', 'E-job', 'O', 'O', 'O', 'O', 'O', 'O', 'O', 'O', 'O']","[694, 27, 168, 445, 244, 224, 757, 309, 368, 104, 307]","[3, 2, 3, 3, 3, 3, 3, 3, 3, 3, 3]"
116,"['quốc_khánh', 'mùng', 'hai', 'tháng_chín', 'được', 'nghỉ', 'mấy', 'ngày']","['O', 'O', 'O', 'E-thang', 'O', 'O', 'O', 'O']","[565, 571, 340, 558, 351, 180, 46, 274]","[3, 3, 3, 1, 3, 3, 3, 3]"
329,"['fresher', 'developer', 'là', 'gì']","['E-job', 'O', 'O', 'O']","[298, 494, 294, 749]","[2, 3, 3, 3]"
370,"['tương_lai', 'mình', 'rồi', 'sẽ', 'đi', 'đâu', 'về', 'đâu']","['O', 'O', 'O', 'O', 'O', 'O', 'O', 'O']","[47, 196, 83, 719, 319, 715, 769, 715]","[3, 3, 3, 3, 3, 3, 3, 3]"
59,"['em', 'muốn', 'xin', 'lộ_trình', 'học', 'hsk']","['O', 'O', 'O', 'O', 'O', 'E-bang_cap']","[119, 459, 20, 469, 82, 788]","[3, 3, 3, 3, 3, 0]"
38,"['để', 'du_học', 'trung_quốc', 'cần', 'hsk', 'trên', '5.0']","['O', 'O', 'O', 'O', 'E-bang_cap', 'O', 'O']","[744, 242, 598, 168, 788, 178, 556]","[3, 3, 3, 3, 0, 3, 3]"
225,"['học', 'java', 'khó', 'vãi']","['O', 'E-ngon_ngu', 'O', 'O']","[82, 64, 446, 13]","[3, 4, 3, 3]"
126,"['ngập', 'tràn', 'lối', 'đi', 'hoa', 'sấu', 'tháng_bảy']","['O', 'O', 'O', 'O', 'O', 'O', 'E-thang']","[614, 135, 222, 319, 326, 699, 585]","[3, 3, 3, 3, 3, 3, 1]"
270,"['tao', 'với', 'mày', 'đăng_ký', 'khóa', 'học', 'web', 'này', 'đi']","['O', 'O', 'O', 'O', 'O', 'O', 'E-ngon_ngu', 'O', 'O']","[508, 790, 264, 276, 520, 82, 752, 191, 319]","[3, 3, 3, 3, 3, 3, 4, 3, 3]"
190,"['java', 'giờ', 'hết', 'hot', 'rồi']","['E-ngon_ngu', 'O', 'O', 'O', 'O']","[64, 262, 49, 334, 83]","[4, 3, 3, 3, 3]"
71,"['đại_học', 'thái_nguyên', 'tổ_chức', 'bồi_dưỡng', 'và', 'thi', 'tiếng', 'anh', 'a2', 'b1']","['O', 'O', 'O', 'O', 'O', 'O', 'O', 'O', 'E-bang_cap', 'E-bang_cap']","[299, 210, 605, 455, 93, 543, 474, 690, 9, 586]","[3, 3, 3, 3, 3, 3, 3, 3, 0, 0]"
231,"['đéo', 'hiểu', 'sao', 'cứ', 'bắt', 'code', 'android']","['O', 'O', 'O', 'O', 'O', 'O', 'E-ngon_ngu']","[513, 50, 411, 674, 668, 153, 628]","[3, 3, 3, 3, 3, 3, 4]"
293,"['lời', 'khuyên', 'của', 'chuyển', 'gia', 'cho', 'các', 'bạn', 'tester', 'hiện_tại']","['O', 'O', 'O', 'O', 'O', 'O', 'O', 'O', 'E-job', 'O']","[154, 526, 466, 393, 238, 95, 561, 601, 27, 391]","[3, 3, 3, 3, 3, 3, 3, 3, 2, 3]"
132,"['không', 'biết', 'tháng_mấy', 'mình', 'vào', 'làm', 'chính_thức']","['O', 'O', 'E-thang', 'O', 'O', 'O', 'O']","[324, 645, 310, 196, 712, 694, 581]","[3, 3, 1, 3, 3, 3, 3]"
243,"['suýt', 'thì', 'tạch', 'c']","['O', 'O', 'O', 'E-ngon_ngu']","[360, 254, 509, 697]","[3, 3, 3, 4]"
374,"['là', 'con_gái', 'phải', 'xinh']","['O', 'O', 'O', 'O']","[294, 28, 161, 566]","[3, 3, 3, 3]"
275,"['làm', 'tester', 'có', 'vất_vả', 'không', '?']","['O', 'E-job', 'O', 'O', 'O', 'O']","[694, 27, 169, 322, 324, 307]","[3, 2, 3, 3, 3, 3]"
159,"['tháng_7', 'âm_lịch', 'là', 'tháng', 'cô_hồn']","['E-thang', 'O', 'O', 'O', 'O']","[22, 745, 294, 596, 765]","[1, 3, 3, 3, 3]"
155,"['bên', 'công_ty', 'tháng_này', 'có', 'tuyển', 'người', 'không', 'ạ']","['O', 'O', 'E-thang', 'O', 'O', 'O', 'O', 'O']","[71, 679, 218, 169, 163, 568, 324, 686]","[3, 3, 1, 3, 3, 3, 3, 3]"
88,"['bạn', 'tau', 'vừa', 'được', 'hsk_6', 'gê', 'vãi', 'mày', 'ạ']","['O', 'O', 'O', 'O', 'E-bang_cap', 'O', 'O', 'O', 'O']","[601, 32, 802, 351, 329, 151, 13, 264, 686]","[3, 3, 3, 3, 0, 3, 3, 3, 3]"
166,"['ngày_10_tháng_10', 'lý', 'công', 'uẩn', 'rời', 'đô', 'từ', 'hoa', 'lư', 'ninh_bình', 'ra', 'thăng_long']","['E-thang', 'O', 'O', 'O', 'O', 'O', 'O', 'O', 'O', 'O', 'O', 'O']","[554, 507, 725, 165, 736, 619, 602, 326, 717, 79, 288, 807]","[1, 3, 3, 3, 3, 3, 3, 3, 3, 3, 3, 3]"
86,"['không', 'biết', 'du_học', 'hàn', 'có', 'cần', 'topik', 'không']","['O', 'O', 'O', 'O', 'O', 'O', 'E-bang_cap', 'O']","[324, 645, 242, 400, 169, 168, 250, 324]","[3, 3, 3, 3, 3, 3, 0, 3]"
102,"['đi', 'làm', 'người_ta', 'không', 'quan_tâm', 'toiec', 'đâu']","['O', 'O', 'O', 'O', 'O', 'E-bang_cap', 'O']","[319, 694, 377, 324, 397, 388, 715]","[3, 3, 3, 3, 3, 0, 3]"
312,"['có', 'nên', 'làm', 'tester', 'không', '?']","['O', 'O', 'O', 'E-job', 'O', 'O']","[169, 555, 694, 27, 324, 307]","[3, 3, 3, 2, 3, 3]"
66,"['tôi', 'muốn', 'xin', 'du_học', 'thì', 'cần', 'chứng_chỉ_tiếng_anh', 'nào']","['O', 'O', 'O', 'O', 'O', 'O', 'E-bang_cap', 'O']","[308, 459, 20, 242, 254, 168, 304, 104]","[3, 3, 3, 3, 3, 3, 0, 3]"
251,"['bọn', 'mới', 'vào', 'bị', 'bắt', 'code', 'android']","['O', 'O', 'O', 'O', 'O', 'O', 'E-ngon_ngu']","[659, 74, 712, 677, 668, 153, 628]","[3, 3, 3, 3, 3, 3, 4]"
98,"['trần', 'minh', 'hưng', 'dạy', 'toiec', 'ngon', 'vãi', 'ra']","['O', 'O', 'O', 'O', 'E-bang_cap', 'O', 'O', 'O']","[170, 100, 592, 311, 388, 212, 13, 288]","[3, 3, 3, 3, 0, 3, 3, 3]"
